edge_id,start_station,end_station,length,year,type
1,天津市,唐山市,71.98,1888.0,rail_both
2,天津市,唐山市,14.61,1888.0,rail_both
3,天津市,秦皇岛市,349.58,1888.0,rail_both
4,唐山市,天津市,28.64,1888.0,rail_both
5,唐山市,秦皇岛市,11.6,1888.0,rail_both
6,鄂州市,黄石市,29.64,1894.0,rail_good
7,北京市,天津市,101.45,1895.0,rail_both
8,北京市,廊坊市,24.19,1895.0,rail_both
9,哈尔滨市,牡丹江市,279.61,1901.0,rail_both
10,牡丹江市,鸡西市,27.43,1901.0,rail_both
11,牡丹江市,鸡西市,92.67,1901.0,rail_both
12,牡丹江市,鸡西市,63.72,1901.0,rail_both
13,大连市,营口市,71.88,1903.0,rail_both
14,大连市,营口市,702.53,1903.0,rail_both
15,大连市,营口市,143.38,1903.0,rail_both
16,营口市,辽阳市,105.99,1903.0,rail_both
17,四平市,长春市,164.32,1903.0,rail_both
18,沈阳市,抚顺市,52.54,1903.0,rail_both
19,沈阳市,抚顺市,29.83,1903.0,rail_both
20,辽阳市,沈阳市,120.11,1903.0,rail_both
21,铁岭市,四平市,215.18,1903.0,rail_both
22,长春市,哈尔滨市,269.94,1903.0,rail_both
23,哈尔滨市,大庆市,272.57,1903.0,rail_both
24,沈阳市,铁岭市,228.14,1903.0,rail_both
25,呼伦贝尔市,齐齐哈尔市,217.79,1903.0,rail_both
26,呼伦贝尔市,齐齐哈尔市,76.25,1903.0,rail_both
27,呼伦贝尔市,齐齐哈尔市,119.1,1903.0,rail_both
28,呼伦贝尔市,齐齐哈尔市,238.1,1903.0,rail_both
29,齐齐哈尔市,大庆市,15.95,1903.0,rail_both
30,齐齐哈尔市,大庆市,9.02,1903.0,rail_both
31,齐齐哈尔市,大庆市,102.02,1903.0,rail_both
32,大庆市,哈尔滨市,176.92,1903.0,rail_both
33,营口市,鞍山市,32.01,1903.0,rail_both
34,保定市,廊坊市,60.43,1903.0,rail_both
35,淄博市,莱芜市,553.15,1904.0,rail_both
36,淄博市,潍坊市,25.07,1904.0,rail_both
37,淄博市,青岛市,169.99,1904.0,rail_both
38,济南市,淄博市,104.79,1904.0,rail_both
39,焦作市,新乡市,74.27,1905.0,rail_both
40,株洲市,萍乡市,35.58,1905.0,rail_both
41,萍乡市,新余市,141.86,1905.0,rail_both
42,新余市,南昌市,88.9,1905.0,rail_both
43,南昌市,抚州市,53.3,1905.0,rail_both
44,抚州市,南昌市,28.83,1905.0,rail_both
45,南昌市,鹰潭市,106.86,1905.0,rail_both
46,鹰潭市,绍兴市,705.93,1905.0,rail_both
47,杭州市,绍兴市,75.52,1905.0,rail_both
48,南昌市,抚州市,32.96,1905.0,rail_both
49,衡阳市,萍乡市,3380.5,1905.0,rail_both
50,沈阳市,本溪市,51.38,1905.0,rail_both
51,本溪市,丹东市,119.77,1905.0,rail_both
52,丹东市,本溪市,94.96,1905.0,rail_both
53,丹东市,本溪市,85.81,1905.0,rail_both
54,杭州市,上海市,345.23,1906.0,rail_both
55,秦皇岛市,葫芦岛市,193.25,1907.0,rail_both
56,葫芦岛市,锦州市,107.97,1907.0,rail_both
57,锦州市,盘锦市,51.23,1907.0,rail_both
58,盘锦市,阜新市,49.72,1907.0,rail_both
59,盘锦市,沈阳市,98.62,1907.0,rail_both
60,沈阳市,抚顺市,41.63,1907.0,rail_both
61,昆明市,玉溪市,3610.56,1910.0,rail_both
62,玉溪市,思茅市,448.1,1910.0,rail_both
63,玉溪市,思茅市,11.73,1910.0,rail_both
64,长春市,吉林市,122.78,1912.0,rail_both
65,吉林市,长春市,75.59,1912.0,rail_both
66,牡丹江市,鸡西市,171.74,1912.0,rail_both
67,广州市,深圳市,294.65,1911.0,rail_both
68,德州市,沧州市,202.12,1912.0,rail_both
69,德州市,济南市,124.26,1912.0,rail_both
70,宿州市,蚌埠市,239.42,1912.0,rail_both
71,宿州市,徐州市,128.77,1912.0,rail_both
72,济宁市,徐州市,6003.49,1912.0,rail_both
73,济宁市,泰安市,343.27,1912.0,rail_both
74,泰安市,莱芜市,111.02,1912.0,rail_both
75,济南市,泰安市,1351.3,1912.0,rail_both
76,天津市,廊坊市,2359.8,1912.0,rail_both
77,蚌埠市,南京市,184.45,1912.0,rail_both
78,枣庄市,临沂市,28.87,1912.0,rail_both
79,绍兴市,宁波市,173.86,1914.0,rail_both
80,九江市,南昌市,1220.52,1916.0,rail_both
81,玉溪市,思茅市,51.3,1910.0,rail_both
82,玉溪市,思茅市,116.8,1921.0,rail pass
83,包头市,鄂尔多斯市,32.27,1923.0,rail_both
84,包头市,乌兰察布市,303.64,1923.0,rail_both
85,大同市,张家口市,258.03,1923.0,rail_both
86,张家口市,北京市,47.29,1923.0,rail_both
87,张家口市,北京市,5.02,1923.0,rail_both
88,北京市,廊坊市,64.98,1923.0,rail_both
89,北京市,廊坊市,8.34,1923.0,rail_both
90,北京市,廊坊市,35.89,1923.0,rail_both
91,乌兰察布市,大同市,1384.1,1923.0,rail_both
92,沈阳市,抚顺市,66.84,1923.0,rail_both
93,鸡西市,七台河市,790.95,1925.0,rail_both
94,阜新市,沈阳市,1315.36,1927.0,rail_both
95,通辽市,四平市,97.09,1927.0,rail_both
96,通辽市,阜新市,5782.57,1927.0,rail_both
97,白城市,大庆市,345.27,1927.0,rail_both
98,沈阳市,抚顺市,41.58,1927.0,rail_both
99,抚顺市,辽源市,210.97,1927.0,rail_both
100,辽源市,通化市,4.54,1927.0,rail_both
101,辽源市,白山市,2702.86,1927.0,rail_both
102,吉林市,长春市,443.32,1927.0,rail_both
103,大连市,营口市,156.64,1927.0,rail_both
104,鹤岗市,佳木斯市,1792.48,1927.0,rail_both
105,白城市,通辽市,633.4,1928.0,rail_both
106,通辽市,白城市,7.14,1928.0,rail_both
107,通辽市,四平市,630.82,1928.0,rail_both
108,白城市,齐齐哈尔市,440.17,1928.0,rail_both
109,四平市,辽源市,109.22,1928.0,rail_both
110,南京市,上海市,307.72,1928.0,rail_both
111,郴州市,韶关市,26.81,1929.0,rail_both
112,伊春市,哈尔滨市,655.22,1929.0,rail_both
113,哈尔滨市,大庆市,1152.1,1929.0,rail_both
114,伊春市,黑河市,6229.2,1986.0,rail_both
115,牡丹江市,白山市,26.87,1933.0,rail_both
116,齐齐哈尔市,大庆市,32.5,1933.0,rail_both
117,齐齐哈尔市,大庆市,40.95,1933.0,rail_both
118,齐齐哈尔市,大庆市,125.96,1933.0,rail_both
119,齐齐哈尔市,伊春市,165.49,1933.0,rail_both
120,吉林市,长春市,112.05,1934.0,rail_both
121,哈尔滨市,吉林市,3711.91,1934.0,rail_both
122,吉林市,牡丹江市,241.08,1934.0,rail_both
123,赤峰市,朝阳市,549.66,1935.0,rail_both
124,四平市,辽源市,137.94,1935.0,rail_both
125,忻州市,阳泉市,45.09,1935.0,rail_good
126,淮南市,芜湖市,188.46,1935.0,rail_both
127,白城市,大庆市,119.89,1935.0,rail_both
128,白城市,长春市,416.01,1935.0,rail_both
129,鸡西市,七台河市,66.08,1936.0,rail_both
130,鸡西市,七台河市,1256.74,1936.0,rail_both
131,朝阳市,锦州市,10.31,1936.0,rail_both
132,朝阳市,锦州市,115.5,1936.0,rail_both
133,承德市,秦皇岛市,109.95,1936.0,rail_both
134,承德市,朝阳市,96.98,1936.0,rail_both
135,朝阳市,锦州市,48.21,1936.0,rail_both
136,锦州市,葫芦岛市,43.54,1936.0,rail_both
137,牡丹江市,鸡西市,3101.31,1937.0,rail_both
138,佳木斯市,七台河市,813.51,1937.0,rail_both
139,鸡西市,七台河市,792.06,1937.0,rail_both
140,牡丹江市,鸡西市,763.26,1937.0,rail_both
141,锦州市,阜新市,170.01,1937.0,rail_both
142,晋中市,阳泉市,89.68,1938.0,rail_both
143,阳泉市,石家庄市,85.09,1938.0,rail_both
144,吉林市,长春市,16.79,1938.0,rail_both
145,辽源市,通化市,2150.16,1939.0,rail_both
146,通化市,白山市,1708.35,1939.0,rail_both
147,白山市,牡丹江市,226.69,1940.0,rail_both
148,本溪市,抚顺市,61.58,1940.0,rail_both
149,阜新市,沈阳市,77.71,1940.0,rail_both
150,通化市,白山市,65.48,1940.0,rail_both
151,白山市,通化市,405.49,1940.0,rail_both
152,吉林市,长春市,816.18,1941.0,rail_both
153,淮南市,蚌埠市,170.33,1941.0,rail_both
154,呼伦贝尔市,白城市,341.2,1941.0,rail_both
155,石家庄市,德州市,184.07,1941.0,rail_both
156,衡水市,德州市,7.92,1941.0,rail_both
157,哈尔滨市,伊春市,221.91,1941.0,rail_both
158,伊春市,佳木斯市,159.82,1941.0,rail_both
159,佳木斯市,双鸭山市,28.75,1941.0,rail_both
160,呼伦贝尔市,齐齐哈尔市,178.35,1942.0,rail_both
161,咸阳市,渭南市,79.9,1942.0,rail_both
162,铜川市,渭南市,63.16,1942.0,rail_both
163,铜川市,渭南市,28.1,1942.0,rail_both
164,牡丹江市,鸡西市,53.43,1942.0,rail_both
165,本溪市,辽阳市,20.43,1942.0,rail_both
166,辽阳市,本溪市,46.97,1942.0,rail_both
167,哈尔滨市,吉林市,47.53,1943.0,rail_both
168,辽源市,白山市,538.31,1945.0,rail_both
169,张家口市,北京市,40.23,1944.0,rail_good
170,伊春市,鹤岗市,16114.93,1945.0,rail_both
171,双鸭山市,七台河市,65.74,1947.0,rail_both
172,双鸭山市,七台河市,22.05,1947.0,rail_both
173,佳木斯市,双鸭山市,53.16,1947.0,rail_both
174,丹东市,本溪市,171.29,1950.0,rail_both
175,渭南市,运城市,220.62,1951.0,rail_both
176,运城市,临汾市,62.05,1951.0,rail_both
177,临汾市,运城市,5.56,1951.0,rail_both
178,临汾市,晋中市,1310.45,1951.0,rail_both
179,朔州市,大同市,304.27,1951.0,rail_both
180,朔州市,忻州市,42.86,1951.0,rail_both
181,太原市,忻州市,1818.61,1951.0,rail_both
182,太原市,晋中市,27.25,1951.0,rail_both
183,晋中市,太原市,26.63,1951.0,rail_both
184,大同市,乌兰察布市,58.27,1951.0,rail_both
185,郴州市,韶关市,43.27,1952.0,rail_both
186,成都市,内江市,928.95,1952.0,rail_both
187,内江市,泸州市,207.28,1952.0,rail_both
188,泸州市,广安市,5.95,1952.0,rail_both
189,泸州市,广安市,30.3,1952.0,rail_both
190,兰州市,宝鸡市,2379.99,1952.0,rail_both
191,宝鸡市,咸阳市,164.06,1952.0,rail_both
192,咸阳市,渭南市,55.03,1952.0,rail_both
193,渭南市,洛阳市,241.91,1952.0,rail_both
194,洛阳市,郑州市,99.43,1952.0,rail_both
195,郑州市,商丘市,207.39,1952.0,rail_both
196,商丘市,毫州市,12.77,1952.0,rail_both
197,商丘市,徐州市,121.67,1952.0,rail_both
198,徐州市,连云港市,223.84,1952.0,rail_both
199,商丘市,淮北市,66.52,1952.0,rail_both
200,渭南市,商洛市,89.29,1952.0,rail_both
201,北京市,廊坊市,24.07,1955.0,rail_both
202,张家口市,北京市,649.24,1955.0,rail_both
203,崇左市,南宁市,209.75,1955.0,rail_both
204,柳州市,衡阳市,1015.11,1955.0,rail_both
205,南宁市,贵港市,155.42,1955.0,rail_both
206,贵港市,柳州市,653.51,1955.0,rail_both
207,乌兰察布市,呼和浩特市,86.19,1955.0,rail_both
208,乌兰察布市,大同市,5769.22,1955.0,rail_both
209,平顶山市,漯河市,100.68,1956.0,rail_both
210,青岛市,烟台市,2754.39,1956.0,rail_both
211,咸阳市,西安市,50.58,1956.0,rail_good
212,湛江市,茂名市,284.14,1955.0,rail_both
213,贵港市,湛江市,897.43,1955.0,rail_both
214,衡阳市,株洲市,770.16,1957.0,rail_both
215,衡阳市,郴州市,202.02,1957.0,rail_both
216,郴州市,韶关市,24042.23,1957.0,rail_both
217,长沙市,咸宁市,16172.05,1957.0,rail_both
218,郑州市,许昌市,72.72,1957.0,rail_both
219,郑州市,新乡市,1532.63,1957.0,rail_both
220,漯河市,驻马店市,14.74,1957.0,rail_both
221,许昌市,漯河市,445.15,1957.0,rail_both
222,漯河市,武汉市,9538.93,1957.0,rail_both
223,邯郸市,安阳市,23.34,1957.0,rail_both
224,安阳市,邯郸市,330.1,1957.0,rail_both
225,新乡市,鹤壁市,160.62,1957.0,rail_both
226,石家庄市,北京市,367.98,1957.0,rail_both
227,石家庄市,邢台市,2086.24,1957.0,rail_both
228,邯郸市,安阳市,52.16,1957.0,rail_both
229,武汉市,鄂州市,7.7,1957.0,rail_both
230,北京市,廊坊市,27.01,1957.0,rail_both
231,北京市,廊坊市,21.79,1957.0,rail_both
232,郴州市,韶关市,5.66,1957.0,rail_both
233,鹤壁市,安阳市,20.82,1957.0,rail_both
234,金华市,丽水市,71.33,1957.0,rail_both
235,三明市,厦门市,35739.12,1957.0,rail_both
236,鹰潭市,南平市,4074.12,1957.0,rail_both
237,保定市,石家庄市,28.47,1958.0,rail_good
238,七台河市,鸡西市,19.28,1958.0,rail_both
239,白银市,中卫市,1706.59,1958.0,rail_both
240,兰州市,白银市,2302.11,1958.0,rail_both
241,中卫市,石嘴山市,438.78,1958.0,rail_both
242,石嘴山市,乌海市,106.67,1958.0,rail_both
243,乌海市,包头市,831.98,1958.0,rail_both
244,包头市,呼和浩特市,1407.94,1958.0,rail_both
245,包头市,鄂尔多斯市,20.79,1956.0,rail_both
246,包头市,鄂尔多斯市,83.7,1956.0,rail_both
247,成都市,德阳市,67.44,1958.0,rail_both
248,成都市,广元市,524.99,1958.0,rail_both
249,广元市,宝鸡市,1348.71,1958.0,rail_both
250,广元市,巴中市,78.84,1958.0,rail_both
251,邯郸市,邢台市,1037.89,1958.0,rail_both
252,湛江市,茂名市,62.56,1958.0,rail_both
253,洛阳市,焦作市,53.08,1958.0,rail_both
254,龙岩市,漳州市,99.09,1958.0,rail_both
255,黄石市,鄂州市,76.95,1958.0,rail_both
256,新余市,南昌市,42.59,1959.0,rail_good
257,西宁市,兰州市,201.16,1959.0,rail_both
258,宜宾市,内江市,201.52,1959.0,rail_both
259,锦州市,葫芦岛市,39.62,1959.0,rail_both
260,安阳市,鹤壁市,23.08,1959.0,rail_both
261,安阳市,鹤壁市,51.3,1959.0,rail_both
262,南昌市,抚州市,21.53,1959.0,rail_good
263,郑州市,许昌市,49.6,1959.0,rail_good
264,铁岭市,抚顺市,22.21,1959.0,rail_both
265,铁岭市,抚顺市,89.22,1959.0,rail_both
266,贵阳市,河池市,5169.79,1959.0,rail_both
267,河池市,柳州市,128.47,1959.0,rail_both
268,北京市,廊坊市,5.67,1960.0,rail_both
269,北京市,承德市,162.64,1960.0,rail_both
270,北京市,廊坊市,171.24,1960.0,rail_both
271,石家庄市,阳泉市,41.0,1960.0,rail_both
272,邵阳市,娄底市,462.46,1960.0,rail_both
273,柳州市,来宾市,678.89,1960.0,rail_both
274,铁岭市,辽源市,80.83,1960.0,rail_good
275,德阳市,绵阳市,45.85,1960.0,rail_both
276,成都市,德阳市,62.24,1960.0,rail_good
277,泰安市,济南市,51.43,1968.0,rail_good
278,酒泉市,嘉峪关市,358.06,1960.0,rail pass
279,酒泉市,嘉峪关市,208.78,1960.0,rail pass
280,泰安市,莱芜市,937.51,1960.0,rail_good
281,本溪市,丹东市,65.5,1961.0,rail_both
282,乌鲁木齐市,嘉峪关市,911.99,1962.0,rail_both
283,嘉峪关市,酒泉市,35.59,1962.0,rail_both
284,嘉峪关市,酒泉市,32.97,1962.0,rail_both
285,嘉峪关市,酒泉市,19.0,1962.0,rail_both
286,嘉峪关市,酒泉市,98.56,1962.0,rail_both
287,酒泉市,武威市,405.71,1962.0,rail_both
288,武威市,兰州市,2794.53,1962.0,rail_both
289,乌鲁木齐市,克拉玛依市,149.02,1962.0,rail_both
290,呼伦贝尔市,黑河市,4222.38,1963.0,rail_both
291,呼伦贝尔市,齐齐哈尔市,7670.1,1963.0,rail_both
292,石家庄市,保定市,52.11,1964.0,rail pass
293,运城市,三门峡市,42.8,1964.0,rail_good
294,乌海市,石嘴山市,113.78,1965.0,rail_good
295,呼伦贝尔市,黑河市,204.2,1965.0,rail pass
296,嘉峪关市,酒泉市,105.59,1965.0,rail_both
297,泸州市,遵义市,22679.0,1965.0,rail_both
298,贵阳市,遵义市,195.84,1965.0,rail_both
299,贵阳市,遵义市,13.18,1965.0,rail_both
300,天津市,唐山市,265.79,1965.0,rail_both
301,玉溪市,思茅市,128.19,1965.0,rail_both
302,曲靖市,昆明市,561.68,1966.0,rail_both
303,抚州市,鹰潭市,4110.87,1966.0,rail_both
304,武威市,中卫市,158.72,1966.0,rail_both
305,呼伦贝尔市,黑河市,72.69,1966.0,rail pass
306,襄樊市,十堰市,52.28,1966.0,rail_both
307,襄樊市,武汉市,319.86,1966.0,rail_both
308,淮北市,徐州市,96.82,1966.0,rail_both
309,淮北市,宿州市,28.85,1966.0,rail_both
310,昆明市,曲靖市,208.69,1966.0,rail_both
311,曲靖市,昭通市,65.7,1966.0,rail_both
312,曲靖市,贵阳市,4605.02,1966.0,rail_both
313,通辽市,白城市,268.21,1966.0,rail_both
314,通辽市,白城市,208.07,1966.0,rail_both
315,萍乡市,株洲市,1153.1,1966.0,rail_both
316,株洲市,宜春市,31.53,1966.0,rail_both
317,牡丹江市,鸡西市,109.1,1968.0,rail_both
318,西宁市,武威市,63.9,1968.0,rail_both
319,宜宾市,泸州市,55.92,1968.0,rail_both
320,柳州市,来宾市,788.33,1970.0,rail_both
321,南阳市,平顶山市,64.44,1970.0,rail_both
322,黑河市,呼伦贝尔市,151.11,1970.0,rail_good
323,晋城市,焦作市,42.58,1970.0,rail_good
324,攀枝花市,丽江市,47.3,1970.0,rail_both
325,阜阳市,淮北市,238.36,1970.0,rail_both
326,朔州市,忻州市,97.32,1971.0,rail_both
327,铜陵市,芜湖市,93.46,1971.0,rail_both
328,芜湖市,南京市,222.66,1971.0,rail_both
329,石嘴山市,银川市,97.65,1971.0,rail_both
330,石嘴山市,乌海市,194.73,1971.0,rail_both
331,平顶山市,漯河市,46.1,1971.0,rail_both
332,昆明市,成都市,92236.69,1971.0,rail_both
333,昆明市,玉溪市,126.84,1971.0,rail_both
334,来宾市,柳州市,35.62,1971.0,rail_both
335,盘锦市,营口市,102.31,1971.0,rail_both
336,焦作市,新乡市,92.43,1971.0,rail_both
337,乌兰察布市,呼和浩特市,44.8,1971.0,rail_good
338,郴州市,韶关市,91.73,1971.0,rail_both
339,呼伦贝尔市,黑河市,196.28,1972.0,rail_both
340,黑河市,呼伦贝尔市,385.03,1972.0,rail_both
341,黑河市,呼伦贝尔市,2611.36,1972.0,rail_both
342,黑河市,齐齐哈尔市,170.51,1972.0,rail_both
343,齐齐哈尔市,黑河市,933.66,1972.0,rail_both
344,呼伦贝尔市,黑河市,68.07,1972.0,rail_both
345,枣庄市,徐州市,97.67,1972.0,rail_both
346,贵阳市,遵义市,70.97,1972.0,rail_both
347,贵阳市,怀化市,354.32,1972.0,rail_both
348,娄底市,湘潭市,63.33,1972.0,rail_both
349,娄底市,株洲市,86.5,1972.0,rail_both
350,怀化市,娄底市,307.11,1972.0,rail_both
351,白银市,中卫市,116.89,1972.0,rail_both
352,湖州市,苏州市,37.39,1972.0,rail_good
353,忻州市,北京市,420.89,1973.0,rail_both
354,北京市,廊坊市,16.66,1973.0,rail_both
355,滨州市,淄博市,16.8,1973.0,rail_good
356,宜昌市,荆门市,38.69,1973.0,rail_both
357,鹤壁市,濮阳市,69.61,1974.0,rail_both
358,承德市,葫芦岛市,207.59,1974.0,rail pass
359,廊坊市,唐山市,7.91,1975.0,rail_both
360,唐山市,天津市,66.71,1975.0,rail_both
361,唐山市,秦皇岛市,125.82,1975.0,rail_both
362,秦皇岛市,葫芦岛市,24.13,1975.0,rail_both
363,北京市,廊坊市,25.73,1975.0,rail_both
364,北京市,廊坊市,55.1,1975.0,rail_both
365,唐山市,天津市,45.75,1975.0,rail_both
366,北京市,廊坊市,72.46,1975.0,rail_good
367,曲靖市,昭通市,784.66,1975.0,rail_both
368,三明市,南平市,31.6,1975.0,rail_both
369,白山市,通化市,219.9,1975.0,rail_both
370,贵阳市,遵义市,32.2,1975.0,rail_good
371,许昌市,平顶山市,38.3,1975.0,rail_both
372,许昌市,周口市,183.17,1975.0,rail_both
373,上海市,嘉兴市,267.9,1975.0,rail_both
374,上海市,嘉兴市,32.38,1975.0,rail_both
375,河池市,柳州市,1354.41,1976.0,rail_good
376,河池市,柳州市,253.32,1976.0,rail_good
377,淄博市,东营市,3779.64,1976.0,rail_both
378,广元市,安康市,402.97,1976.0,rail_both
379,驻马店市,阜阳市,103.65,1976.0,rail_good
380,渭南市,临汾市,306.01,1977.0,rail_both
381,萍乡市,新余市,373.78,1977.0,rail_both
382,德阳市,成都市,97.06,1977.0,rail_both
383,吉林市,白山市,141.26,1976.0,rail_good
384,怀化市,荆门市,19725.66,1978.0,rail_both
385,怀化市,邵阳市,4.82,1978.0,rail_both
386,柳州市,怀化市,6721.82,1978.0,rail_both
387,襄樊市,平顶山市,3634.68,1978.0,rail_both
388,洛阳市,焦作市,23.24,1978.0,rail_both
389,洛阳市,平顶山市,246.45,1978.0,rail_both
390,洛阳市,焦作市,1449.53,1978.0,rail_both
391,呼伦贝尔市,齐齐哈尔市,507.88,1979.0,rail_both
392,晋中市,长治市,6491.98,1979.0,rail_both
393,晋城市,焦作市,39.16,1979.0,rail_both
394,晋城市,长治市,800.38,1979.0,rail_both
395,广安市,襄樊市,1212.25,1979.0,rail_both
396,承德市,赤峰市,1325.68,1977.0,rail_both
397,北京市,承德市,534.86,1977.0,rail_both
398,北京市,廊坊市,19.09,1977.0,rail_both
399,赤峰市,通辽市,408.57,1977.0,rail_both
400,通辽市,阜新市,2.76,1977.0,rail_both
401,北京市,廊坊市,33.1,1977.0,rail_both
402,承德市,唐山市,252.3,1980.0,rail_both
403,铜川市,渭南市,872.8,1980.0,rail_both
404,铜川市,延安市,147.48,1980.0,rail_both
405,泰安市,莱芜市,53.4,1980.0,rail_both
406,莱芜市,淄博市,122.63,1980.0,rail_both
407,莱芜市,淄博市,66.21,1980.0,rail_both
408,双鸭山市,鹤岗市,525.84,1982.0,rail_both
409,阜阳市,淮南市,151.62,1982.0,rail_both
410,太原市,晋中市,56.02,1983.0,rail_both
411,太原市,晋中市,68.19,1983.0,rail_both
412,乌鲁木齐市,克拉玛依市,5383.03,1984.0,rail_both
413,西宁市,张掖市,293.79,1984.0,rail_good
414,芜湖市,宣城市,61.48,1982.0,rail_both
415,景德镇市,宣城市,9698.65,1982.0,rail_both
416,白城市,通辽市,3431.67,1984.0,rail_good
417,长治市,邯郸市,214.09,1984.0,rail_both
418,邯郸市,安阳市,30.42,1984.0,rail_both
419,邯郸市,邢台市,37.08,1984.0,rail_both
420,嘉峪关市,西宁市,512.02,1984.0,rail_both
421,张掖市,西宁市,548.13,1984.0,rail_both
422,西宁市,张掖市,397.3,1984.0,rail_both
423,西宁市,武威市,161.79,1984.0,rail_both
424,菏泽市,济宁市,157.18,1985.0,rail_both
425,新乡市,开封市,38.05,1985.0,rail_both
426,开封市,新乡市,29.36,1985.0,rail_both
427,开封市,菏泽市,22.66,1985.0,rail_both
428,新乡市,菏泽市,167.62,1985.0,rail_both
429,许昌市,开封市,99.98,1985.0,rail_good
430,三亚市,海口市,12340.14,1985.0,rail_both
431,景德镇市,上饶市,65.4,1986.0,rail_good
432,济宁市,日照市,301.61,1986.0,rail_both
433,黑河市,呼伦贝尔市,97.85,1986.0,rail_both
434,驻马店市,信阳市,84.62,1986.0,rail_both
435,武汉市,九江市,306.41,1987.0,rail_both
436,黑河市,齐齐哈尔市,2132.98,1988.0,rail_both
437,淄博市,东营市,94.15,1988.0,rail_both
438,鄂尔多斯市,榆林市,2950.4,1989.0,rail_good
439,商丘市,阜阳市,391.34,1989.0,rail_both
440,阜阳市,淮南市,14.59,1989.0,rail_both
441,南平市,福州市,159.6,1989.0,rail_both
442,漯河市,阜阳市,190.62,1989.0,rail_both
443,荆门市,荆州市,8.25,1989.0,rail_both
444,荆门市,荆州市,74.52,1989.0,rail_both
445,克拉玛依市,乌鲁木齐市,957.83,1990.0,rail_both
446,日照市,连云港市,33.15,1990.0,rail_both
447,开封市,郑州市,119.98,1990.0,rail_good
448,泸州市,广安市,134.45,1991.0,rail_both
449,肇庆市,佛山市,33.84,1991.0,rail_good
450,茂名市,广州市,474.15,1991.0,rail_both
451,长治市,晋中市,55.84,1991.0,rail_both
452,鞍山市,营口市,80.01,1991.0,rail_both
453,南宁市,钦州市,7259.25,1991.0,rail_both
454,大同市,张家口市,207.27,1992.0,rail_good
455,北京市,廊坊市,11.65,1992.0,rail_good
456,唐山市,秦皇岛市,157.25,1992.0,rail_good
457,廊坊市,唐山市,73.75,1992.0,rail_good
458,廊坊市,唐山市,3.5,1992.0,rail_good
459,北京市,廊坊市,89.91,1992.0,rail_good
460,唐山市,秦皇岛市,283.75,1992.0,rail_good
461,渭南市,铜川市,13.6,1992.0,rail_good
462,菏泽市,商丘市,160.49,1993.0,rail_both
463,吕梁市,临汾市,17.42,1993.0,rail_both
464,北京市,廊坊市,20.52,1993.0,rail_both
465,吕梁市,临汾市,71.14,1993.0,rail_both
466,玉溪市,昆明市,650.96,1993.0,rail_both
467,大同市,乌兰察布市,16.38,1994.0,rail_both
468,吉安市,抚州市,230.12,1994.0,rail_both
469,临汾市,晋城市,162.8,1994.0,rail_both
470,铜川市,渭南市,12484.72,1994.0,rail_both
471,渭南市,铜川市,114.03,1994.0,rail_both
472,唐山市,天津市,25.51,1994.0,rail_both
473,中卫市,宝鸡市,3785.5,1994.0,rail_both
474,宣城市,杭州市,1558.69,1994.0,rail_both
475,东莞市,河源市,301.65,1995.0,rail_both
476,北京市,廊坊市,14.43,1994.0,rail_both
477,大连市,营口市,62.15,1994.0,rail_both
478,上海市,苏州市,36.78,1994.0,rail_both
479,遵义市,贵阳市,24.65,1994.0,rail_both
480,大同市,朔州市,34.99,1994.0,rail_both
481,孝感市,武汉市,22.59,1994.0,rail_both
482,大连市,营口市,18.86,1994.0,rail_both
483,邯郸市,邢台市,386.44,1994.0,rail_both
484,邯郸市,濮阳市,123.94,1994.0,rail_both
485,衡水市,保定市,91.71,1994.0,rail_both
486,双鸭山市,七台河市,1369.77,1994.0,rail_both
487,金昌市,武威市,141.34,1994.0,rail_both
488,烟台市,威海市,992.21,1994.0,rail_both
489,武汉市,黄冈市,80.24,1994.0,rail_both
490,周口市,毫州市,53.17,1994.0,rail pass
491,晋中市,阳泉市,1325.79,1994.0,rail_both
492,阜阳市,淮南市,15.54,1995.0,rail_both
493,信阳市,阜阳市,1336.26,1995.0,rail_both
494,衡水市,廊坊市,1172.19,1995.0,rail_both
495,菏泽市,济宁市,3779.51,1995.0,rail_both
496,德州市,聊城市,1434.71,1995.0,rail_both
497,廊坊市,天津市,789.44,1995.0,rail_both
498,黄冈市,九江市,2763.11,1995.0,rail_both
499,赣州市,河源市,35167.44,1995.0,rail_both
500,晋城市,焦作市,67.23,1995.0,rail_both
501,晋城市,长治市,35.73,1995.0,rail_both
502,九江市,安庆市,1693.06,1995.0,rail_both
503,安庆市,合肥市,6101.4,1995.0,rail_both
504,鄂尔多斯市,大同市,282.66,1995.0,rail_both
505,吕梁市,太原市,30.3,1993.0,rail_both
506,河源市,梅州市,932.08,1995.0,rail_both
507,河源市,梅州市,4.83,1995.0,rail_both
508,梅州市,揭阳市,31.29,1995.0,rail_both
509,梅州市,汕头市,239.65,1995.0,rail_both
510,梅州市,揭阳市,51.61,1995.0,rail_both
511,廊坊市,天津市,67.54,1995.0,rail_both
512,钦州市,北海市,1585.41,1995.0,rail_both
513,乌兰察布市,通辽市,1071.28,1995.0,rail_both
514,牡丹江市,鸡西市,62.48,1996.0,rail_both
515,平顶山市,许昌市,294.9,1996.0,rail_both
516,运城市,临汾市,119.68,1996.0,rail_both
517,漯河市,许昌市,50.46,1996.0,rail_both
518,鄂尔多斯市,朔州市,117.45,1996.0,rail_both
519,朔州市,忻州市,276.66,1996.0,rail_both
520,百色市,南宁市,239.03,1997.0,rail_both
521,昆明市,曲靖市,261.91,1997.0,rail_both
522,曲靖市,百色市,266.7,1997.0,rail_both
523,曲靖市,昆明市,57.99,1997.0,rail_both
524,上饶市,鹰潭市,63.74,1997.0,rail_both
525,上饶市,南平市,1525.9,1997.0,rail_both
526,龙岩市,漳州市,43.26,1997.0,rail_good
527,龙岩市,莆田市,151.84,1997.0,rail_good
528,龙岩市,泉州市,10.9,1997.0,rail_good
529,濮阳市,聊城市,92.3,1997.0,rail_both
530,成都市,达州市,320.69,1997.0,rail_both
531,成都市,德阳市,49.58,1997.0,rail_both
532,德阳市,成都市,14.37,1997.0,rail_both
533,德阳市,成都市,22.4,1997.0,rail_both
534,金华市,温州市,4930.66,1997.0,rail_both
535,保山市,昆明市,200.83,1998.0,rail_both
536,常德市,长沙市,244.88,1998.0,rail_both
537,钦州市,南宁市,373.0,1998.0,rail_both
538,克拉玛依市,乌鲁木齐市,1040.06,1999.0,rail_both
539,聊城市,济南市,84.34,1999.0,rail_both
540,邯郸市,聊城市,195.89,1999.0,rail_both
541,双鸭山市,七台河市,60.81,1998.0,rail_both
542,忻州市,朔州市,139.56,2000.0,rail_both
543,梧州市,阳江市,57.36,2000.0,rail_both
544,梅州市,龙岩市,961.81,2000.0,rail_both
545,益阳市,长沙市,114.04,2000.0,rail_both
546,芜湖市,马鞍山市,21.95,2000.0,rail_both
547,西安市,安康市,3666.92,2000.0,rail_both
548,昭通市,曲靖市,44159.75,2001.0,rail_both
549,吴忠市,银川市,84.77,2001.0,rail_both
550,宿迁市,淮安市,115.44,2001.0,rail_both
551,淮安市,泰州市,256.46,2001.0,rail_both
552,常州市,无锡市,1020.16,2001.0,rail_both
553,无锡市,泰州市,387.74,2001.0,rail_both
554,朔州市,忻州市,74.29,2001.0,rail_both
555,忻州市,石家庄市,248.31,2001.0,rail_both
556,石家庄市,保定市,93.51,2001.0,rail_both
557,保定市,沧州市,96.24,2001.0,rail_both
558,沧州市,滨州市,66.66,2001.0,rail_both
559,曲靖市,昭通市,141.93,2001.0,rail_both
560,宿州市,淮北市,56.1,2001.0,rail_both
561,延安市,鄂尔多斯市,21756.37,2002.0,rail_both
562,大同市,张家口市,136.87,2002.0,rail_both
563,达州市,重庆市,357.03,2002.0,rail_both
564,赤峰市,张家口市,1801.85,2002.0,rail_both
565,荆门市,孝感市,178.42,2002.0,rail_both
566,晋中市,长治市,78.55,2002.0,rail_both
567,朝阳市,阜新市,1673.01,2003.0,rail pass
568,渭南市,南阳市,378.91,2003.0,rail_both
569,南阳市,信阳市,154.99,2003.0,rail_both
570,信阳市,合肥市,321.61,2003.0,rail_both
571,郑州市,许昌市,57.29,2003.0,rail_both
572,秦皇岛市,葫芦岛市,188.77,2003.0,rail pass
573,葫芦岛市,锦州市,78.39,2003.0,rail pass
574,锦州市,葫芦岛市,22.98,2003.0,rail pass
575,锦州市,盘锦市,53.82,2003.0,rail pass
576,盘锦市,沈阳市,162.62,2003.0,rail pass
577,三亚市,海口市,217.61,2003.0,rail_both
578,海口市,湛江市,2777.38,2003.0,rail_both
579,临沂市,连云港市,491.92,2003.0,rail_both
580,临沂市,青岛市,832.05,2003.0,rail_both
581,青岛市,日照市,120.04,2003.0,rail_both
582,泰州市,南通市,66.67,2004.0,rail_both
583,东营市,烟台市,222.13,2005.0,rail_both
584,南京市,泰州市,283.34,2005.0,rail_both
585,嘉峪关市,酒泉市,162.2,2005.0,rail_both
586,长治市,晋中市,73.95,2005.0,rail_both
587,赣州市,龙岩市,271.02,2005.0,rail_both
588,丽江市,嘉峪关市,25602.04,2005.0,rail_both
589,鄂尔多斯市,朔州市,95.05,2006.0,rail_both
590,嘉峪关市,酒泉市,558.25,2006.0,rail_good
591,酒泉市,嘉峪关市,5.64,2006.0,rail_good
592,随州市,信阳市,119.33,2006.0,rail_both
593,广安市,怀化市,2137.91,2006.0,rail_both
594,邵阳市,永州市,2660.16,2006.0,rail_both
595,娄底市,益阳市,175.97,2006.0,rail_both
596,唐山市,秦皇岛市,291.49,2006.0,rail_both
597,遂宁市,广安市,132.7,2006.0,rail pass
598,石嘴山市,乌海市,14.71,2007.0,rail_both
599,乌海市,鄂尔多斯市,702.73,2007.0,rail_both
600,北京市,廊坊市,15.03,2008.0,rail pass
601,北京市,廊坊市,221.17,2008.0,rail pass
602,廊坊市,天津市,48.75,2008.0,rail pass
603,合肥市,南京市,133.6,2008.0,rail_both
604,太原市,石家庄市,177.16,2008.0,rail pass
605,济南市,青岛市,300.6,2008.0,rail pass
606,九江市,铜陵市,313.48,2008.0,rail_both
607,乌鲁木齐市,克拉玛依市,224.11,2009.0,rail_good
608,乌鲁木齐市,克拉玛依市,23.69,2009.0,rail_good
609,乌鲁木齐市,克拉玛依市,78.59,2009.0,rail_good
610,呼伦贝尔市,白城市,253.06,2009.0,rail_both
611,丽江市,攀枝花市,4251.58,2009.0,rail_both
612,克拉玛依市,乌鲁木齐市,928.09,2009.0,rail_both
613,榆林市,朔州市,60.02,2009.0,rail_both
614,衡阳市,深圳市,364937.78,2009.0,rail pass
615,温州市,宁波市,6830.52,2009.0,rail_both
616,玉林市,梧州市,94.73,2009.0,rail_both
617,玉林市,茂名市,4440.1,2009.0,rail_both
618,玉林市,贺州市,17430.62,2009.0,rail_both
619,漳州市,泉州市,93.31,2009.0,rail_both
620,泉州市,福州市,939.88,2009.0,rail_both
621,克拉玛依市,乌鲁木齐市,282.66,2009.0,rail_both
622,内江市,泸州市,2704.45,2009.0,rail_both
623,酒泉市,嘉峪关市,115.97,2010.0,rail_both
624,酒泉市,巴彦淖尔市,722.2,2010.0,rail_both
625,吕梁市,榆林市,61.53,2010.0,rail_both
626,中卫市,吕梁市,450.01,2010.0,rail_both
627,吕梁市,晋中市,206.07,2010.0,rail_both
628,银川市,吴忠市,42.32,2010.0,rail_both
629,吴忠市,银川市,116.26,2010.0,rail_both
630,重庆市,宜昌市,362.81,2010.0,rail_both
631,江门市,中山市,1475.5,2010.0,rail_both
632,九江市,南昌市,2683.24,2010.0,rail pass
633,杭州市,宁波市,164.29,2010.0,rail pass
634,杭州市,上海市,1564.08,2010.0,rail pass
635,三亚市,海口市,18778.61,2010.0,rail_both
636,盘锦市,营口市,93.42,2010.0,rail pass
637,宁德市,温州市,5458.19,2010.0,rail_both
638,西安市,郑州市,487.95,2010.0,rail pass
639,北京市,廊坊市,6.68,2011.0,rail pass
640,北京市,廊坊市,74.43,2011.0,rail pass
641,德州市,济南市,19780.11,2011.0,rail pass
642,泰安市,蚌埠市,19827.34,2011.0,rail pass
643,蚌埠市,滁州市,128.82,2011.0,rail pass
644,滁州市,上海市,332.79,2011.0,rail pass
645,双鸭山市,鹤岗市,2304.95,2011.0,rail_both
646,营口市,鞍山市,712.78,2011.0,rail pass
647,江门市,珠海市,2745.97,2011.0,rail pass
648,克拉玛依市,乌鲁木齐市,656.26,2011.0,rail_good
649,乌兰察布市,张家口市,130.39,2011.0,rail_both
650,石家庄市,北京市,441.65,2012.0,rail pass
651,北京市,廊坊市,12.24,2012.0,rail pass
652,淮南市,蚌埠市,1652.11,2012.0,rail pass
653,乌鲁木齐市,嘉峪关市,452.73,2012.0,rail_good
654,克拉玛依市,乌鲁木齐市,10094.64,2012.0,rail_both
655,南京市,杭州市,288.43,2012.0,rail pass
656,遂宁市,广安市,172.82,2006.0,rail_both
657,枣庄市,临沂市,78.93,2012.0,rail_both
658,宜昌市,孝感市,318.37,2012.0,rail pass
659,郑州市,孝感市,2730.9,2012.0,rail pass
660,郑州市,邢台市,17762.42,2012.0,rail pass
661,丹东市,通化市,213.71,2012.0,rail_both
662,龙岩市,漳州市,106.47,2012.0,rail_both
663,漳州市,厦门市,29.92,2012.0,rail_both
664,南宁市,钦州市,837.7,2013.0,rail_both
665,深圳市,漳州市,555.43,2013.0,rail_both
666,衡阳市,吉安市,274.48,2013.0,rail_both
667,抚州市,三明市,281.17,2013.0,rail pass
668,三明市,莆田市,192.16,2013.0,rail pass
669,贵港市,柳州市,290.9,2013.0,rail pass
670,广安市,重庆市,238.67,2013.0,rail_both
671,玉溪市,昆明市,1336.29,2013.0,rail_both
672,柳州市,桂林市,215.09,2013.0,rail_both
673,桂林市,衡阳市,335.98,2013.0,rail_both
674,钦州市,北海市,294.37,2013.0,rail_both
675,乌鲁木齐市,兰州市,3412.66,2014.0,rail pass
676,南充市,广安市,88.33,2014.0,rail_both
677,南宁市,贵港市,106.83,2014.0,rail_both
678,贵港市,肇庆市,379.08,2014.0,rail_both
679,肇庆市,佛山市,83.67,2014.0,rail_both
680,渭南市,太原市,1729.05,2014.0,rail pass
681,忻州市,大同市,4856.11,2014.0,rail_both
682,成都市,德阳市,62.17,2014.0,rail pass
683,乐山市,成都市,273.09,2014.0,rail pass
684,成都市,遂宁市,154.22,2009.0,rail_both
685,保山市,丽江市,264.31,2014.0,rail_both
686,上饶市,杭州市,503.17,2014.0,rail pass
687,杭州市,绍兴市,17.75,2014.0,rail pass
688,吕梁市,临汾市,982.11,2014.0,rail_good
689,吕梁市,太原市,3564.07,2014.0,rail_good
690,临汾市,长治市,156.56,2014.0,rail_good
691,长治市,鹤壁市,151.32,2014.0,rail_good
692,鹤壁市,聊城市,169.6,2014.0,rail_good
693,聊城市,泰安市,129.25,2014.0,rail_good
694,莱芜市,临沂市,92.14,2014.0,rail_good
695,临沂市,日照市,71.81,2014.0,rail_good
696,玉溪市,思茅市,96.32,2014.0,rail_both
697,贵阳市,肇庆市,875.3,2014.0,rail pass
698,韶关市,赣州市,253.92,2014.0,rail_both
699,乌鲁木齐市,克拉玛依市,1911.7,2015.0,rail_both
700,合肥市,铜陵市,139.8,2015.0,rail pass
701,铜陵市,黄山市,126.62,2015.0,rail pass
702,上饶市,福州市,369.04,2015.0,rail pass
703,景德镇市,黄山市,3201.82,2015.0,rail pass
704,吉林市,牡丹江市,375.39,2015.0,rail pass
705,大连市,沈阳市,2497.05,2015.0,rail pass
706,沈阳市,长春市,594.44,2015.0,rail pass
707,长春市,吉林市,35413.2,2015.0,rail pass
708,乌鲁木齐市,酒泉市,627.43,2015.0,rail_good
709,酒泉市,嘉峪关市,41.95,2015.0,rail_good
710,齐齐哈尔市,哈尔滨市,287.84,2015.0,rail pass
711,安庆市,铜陵市,116.3,2015.0,rail pass
712,铜陵市,南京市,244.56,2015.0,rail pass
713,巴中市,达州市,110.76,2015.0,rail_both
714,深圳市,珠海市,57.5,2018.0,rail pass
715,张家口市,承德市,253.37,2015.0,rail_both
716,承德市,唐山市,54.11,2015.0,rail_both
717,承德市,唐山市,369.39,2015.0,rail_both
718,唐山市,天津市,30.5,2015.0,rail_both
719,唐山市,天津市,40.8,2015.0,rail_both
720,唐山市,天津市,54.32,2015.0,rail_both
721,德州市,东营市,214.14,2015.0,rail_both
722,东营市,潍坊市,61.71,2015.0,rail_both
723,成都市,广安市,306.7,2015.0,rail pass
724,广安市,遂宁市,22.07,2015.0,rail pass
725,嘉峪关市,酒泉市,8733.09,2015.0,rail_both
726,沈阳市,丹东市,209.36,2015.0,rail pass
727,包头市,乌兰察布市,300.65,2015.0,rail_both
728,昆明市,南宁市,689.93,2015.0,rail_both
729,昆明市,长沙市,1240.96,2016.0,rail pass
730,长沙市,上饶市,555.84,2016.0,rail pass
731,郑州市,徐州市,372.12,2016.0,rail pass
732,青岛市,威海市,417.93,2016.0,rail pass
733,兰州市,西安市,539.27,2017.0,rail pass
734,武汉市,九江市,206.45,2017.0,rail pass
735,石家庄市,济南市,318.25,2017.0,rail pass
736,成都市,西安市,727.37,2017.0,rail pass
737,哈尔滨市,佳木斯市,460.95,2018.0,rail_both
738,哈尔滨市,大庆市,2.54,2018.0,rail pass
739,哈尔滨市,牡丹江市,290.83,2018.0,rail pass
740,黄山市,杭州市,216.12,2018.0,rail pass
741,南通市,上海市,76.55,2019.0,rail_both
742,乐山市,宜宾市,165.99,2019.0,rail pass
743,北京市,沈阳市,1083.5,2021.0,rail pass
744,孝感市,合肥市,345.05,2024.0,rail pass
745,上海市,嘉兴市,36.04,1988.0,road
746,佛山市,广州市,28.23,1989.0,road
747,大连市,辽阳市,1036.93,1990.0,road
748,合肥市,南京市,169.11,1991.0,road
749,北京市,天津市,182.62,1993.0,road
750,济南市,青岛市,604.03,1993.0,road
751,石家庄市,北京市,447.41,1993.0,road
752,克拉玛依市,乌鲁木齐市,7196.61,1994.0,road
753,成都市,资阳市,56.32,1994.0,road
754,克拉玛依市,乌鲁木齐市,755.42,1994.0,road
755,肇庆市,广州市,70.58,1994.0,road
756,克拉玛依市,乌鲁木齐市,5483.12,1994.0,road
757,克拉玛依市,乌鲁木齐市,113606.95,1994.0,road
758,郑州市,开封市,76.79,1994.0,road
759,克拉玛依市,乌鲁木齐市,1197.12,1994.0,road
760,乌鲁木齐市,克拉玛依市,9.52,1994.0,road
761,乌鲁木齐市,保山市,15055.99,1994.0,road
762,保山市,丽江市,744.77,1994.0,road
763,保山市,丽江市,433.89,1994.0,road
764,克拉玛依市,乌鲁木齐市,88.33,1994.0,road
765,克拉玛依市,乌鲁木齐市,1018.59,1994.0,road
766,青岛市,烟台市,951.34,1994.0,road
767,克拉玛依市,乌鲁木齐市,251.34,1994.0,road
768,西安市,渭南市,3653.13,1994.0,road
769,乌鲁木齐市,克拉玛依市,177335.05,1994.0,road
770,乌鲁木齐市,克拉玛依市,205.04,1994.0,road
771,乌鲁木齐市,克拉玛依市,2975.35,1994.0,road
772,乌鲁木齐市,克拉玛依市,53.3,1994.0,road
773,乌鲁木齐市,克拉玛依市,973.75,1994.0,road
774,克拉玛依市,乌鲁木齐市,183.23,1994.0,road
775,克拉玛依市,乌鲁木齐市,117841.4,1994.0,road
776,乌鲁木齐市,嘉峪关市,83669.68,1994.0,road
777,乌鲁木齐市,克拉玛依市,107.13,1994.0,road
778,乌鲁木齐市,嘉峪关市,1769.69,1994.0,road
779,嘉峪关市,酒泉市,137.0,1994.0,road
780,嘉峪关市,酒泉市,4055.11,1994.0,road
781,嘉峪关市,酒泉市,171.51,1994.0,road
782,嘉峪关市,酒泉市,50.72,1994.0,road
783,嘉峪关市,酒泉市,149.87,1994.0,road
784,嘉峪关市,酒泉市,118.8,1994.0,road
785,嘉峪关市,酒泉市,1799.87,1994.0,road
786,丽江市,嘉峪关市,12261.42,1994.0,road
787,嘉峪关市,西宁市,828.93,1994.0,road
788,嘉峪关市,张掖市,360.25,1994.0,road
789,雅安市,西宁市,9829.3,1994.0,road
790,丽江市,雅安市,111.27,1994.0,road
791,保山市,丽江市,406.59,1994.0,road
792,嘉峪关市,酒泉市,68.18,1994.0,road
793,嘉峪关市,张掖市,582.66,1994.0,road
794,张掖市,西宁市,16.58,1994.0,road
795,张掖市,西宁市,31.26,1994.0,road
796,丽江市,攀枝花市,13546.21,1994.0,road
797,丽江市,雅安市,161.96,1994.0,road
798,丽江市,雅安市,431201.18,1994.0,road
799,丽江市,成都市,7243.74,1994.0,road
800,丽江市,雅安市,644.32,1994.0,road
801,保山市,丽江市,39.23,1994.0,road
802,西宁市,武威市,335.46,1994.0,road
803,西宁市,武威市,220.71,1994.0,road
804,西宁市,武威市,106.97,1994.0,road
805,玉溪市,思茅市,63.44,1994.0,road
806,思茅市,玉溪市,142.5,1994.0,road
807,思茅市,玉溪市,104.86,1994.0,road
808,思茅市,玉溪市,97.02,1994.0,road
809,临沧市,思茅市,158.44,1994.0,road
810,临沧市,思茅市,22183.83,1994.0,road
811,临沧市,保山市,1915.38,1994.0,road
812,保山市,玉溪市,146.6,1994.0,road
813,思茅市,昆明市,6153.77,1994.0,road
814,思茅市,昆明市,207.83,1994.0,road
815,昆明市,玉溪市,21.77,1994.0,road
816,攀枝花市,成都市,63699.97,1994.0,road
817,昆明市,曲靖市,41.64,1994.0,road
818,昆明市,玉溪市,57.79,1994.0,road
819,玉溪市,思茅市,51.16,1994.0,road
820,兰州市,定西市,7.48,1994.0,road
821,兰州市,定西市,3125.73,1994.0,road
822,德阳市,成都市,62253.56,1994.0,road
823,玉溪市,昆明市,4005.87,1994.0,road
824,玉溪市,百色市,408.86,1994.0,road
825,昆明市,曲靖市,42.69,1994.0,road
826,曲靖市,昆明市,270.75,1994.0,road
827,曲靖市,百色市,971.13,1994.0,road
828,兰州市,白银市,252.65,1994.0,road
829,兰州市,白银市,16.49,1994.0,road
830,兰州市,白银市,11.8,1994.0,road
831,兰州市,定西市,26.68,1994.0,road
832,兰州市,白银市,22.38,1994.0,road
833,张掖市,兰州市,124016.04,1994.0,road
834,兰州市,白银市,20.2,1994.0,road
835,成都市,广元市,425.44,1994.0,road
836,昆明市,成都市,48530.51,1994.0,road
837,曲靖市,贵阳市,7915.13,1994.0,road
838,曲靖市,贵阳市,332.68,1994.0,road
839,成都市,资阳市,51.99,1994.0,road
840,兰州市,定西市,1028.38,1994.0,road
841,兰州市,定西市,15.13,1994.0,road
842,兰州市,吴忠市,2800.85,1994.0,road
843,兰州市,定西市,18.87,1994.0,road
844,定西市,广元市,25324.99,1994.0,road
845,定西市,天水市,198.59,1994.0,road
846,兰州市,庆阳市,378.98,1994.0,road
847,兰州市,西安市,599.42,1994.0,road
848,广元市,巴中市,38.11,1994.0,road
849,广元市,汉中市,198.07,1994.0,road
850,南充市,遂宁市,6502.7,1994.0,road
851,南充市,广安市,118.21,1994.0,road
852,崇左市,南宁市,175.64,1994.0,road
853,贵阳市,遵义市,247.8,1994.0,road
854,贵阳市,遵义市,59.3,1994.0,road
855,百色市,河池市,464.85,1994.0,road
856,百色市,南宁市,200.35,1994.0,road
857,贵阳市,河池市,2690.38,1994.0,road
858,贵阳市,河池市,217.89,1994.0,road
859,河池市,百色市,101.65,1994.0,road
860,天水市,咸阳市,27501.61,1994.0,road
861,汉中市,宝鸡市,60.02,1994.0,road
862,贵阳市,怀化市,351.49,1994.0,road
863,广安市,达州市,242.75,1994.0,road
864,广安市,遂宁市,84.0,1994.0,road
865,广安市,泸州市,32.69,1994.0,road
866,资阳市,广安市,175.91,1994.0,road
867,资阳市,贵阳市,35022.38,1994.0,road
868,资阳市,广安市,875.4,1994.0,road
869,贵阳市,遵义市,835.69,1994.0,road
870,贵阳市,遵义市,138.11,1994.0,road
871,广安市,遵义市,2573.6,1994.0,road
872,广安市,怀化市,1180.2,1994.0,road
873,遵义市,贵阳市,21.11,1994.0,road
874,遵义市,怀化市,301.07,1994.0,road
875,广安市,达州市,4.09,1994.0,road
876,汉中市,西安市,457.35,1994.0,road
877,汉中市,安康市,67.68,1994.0,road
878,广安市,重庆市,29088.83,1994.0,road
879,汉中市,安康市,37.57,1994.0,road
880,南宁市,钦州市,75.68,1994.0,road
881,南宁市,北海市,325.89,1994.0,road
882,庆阳市,延安市,1886.97,1994.0,road
883,安康市,西安市,1754.94,1994.0,road
884,安康市,十堰市,287.57,1994.0,road
885,西安市,咸阳市,4.23,1994.0,road
886,西安市,咸阳市,20.78,1994.0,road
887,怀化市,张家界市,12546.8,1994.0,road
888,桂林市,柳州市,59.8,1994.0,road
889,北海市,钦州市,59.25,1994.0,road
890,西安市,渭南市,39.01,1994.0,road
891,西安市,十堰市,226.08,1994.0,road
892,吴忠市,延安市,644.81,1994.0,road
893,吴忠市,石嘴山市,322.36,1994.0,road
894,吴忠市,吕梁市,421.26,1994.0,road
895,石嘴山市,呼和浩特市,1923.24,1994.0,road
896,石嘴山市,鄂尔多斯市,306.32,1994.0,road
897,重庆市,张家界市,35.42,1994.0,road
898,榆林市,吕梁市,12711.18,1994.0,road
899,鄂尔多斯市,朔州市,165.4,1994.0,road
900,怀化市,常德市,7129.58,1994.0,road
901,湛江市,茂名市,5465.43,1994.0,road
902,延安市,临汾市,34654.19,1994.0,road
903,湛江市,佛山市,475.32,1994.0,road
904,吕梁市,太原市,81.55,1994.0,road
905,临汾市,运城市,163.87,1994.0,road
906,临汾市,延安市,35.65,1994.0,road
907,重庆市,荆州市,25221.78,1994.0,road
908,运城市,临汾市,861.85,1994.0,road
909,运城市,三门峡市,10.52,1994.0,road
910,临汾市,运城市,10796.64,1994.0,road
911,吕梁市,朔州市,7465.34,1994.0,road
912,吕梁市,太原市,189.11,1994.0,road
913,呼和浩特市,乌兰察布市,139.11,1994.0,road
914,呼和浩特市,朔州市,2875.2,1994.0,road
915,临汾市,长治市,39.58,1994.0,road
916,朔州市,大同市,157.26,1994.0,road
917,邵阳市,娄底市,7611.14,1994.0,road
918,邵阳市,湘潭市,166.54,1994.0,road
919,常德市,长沙市,183.42,1994.0,road
920,太原市,晋中市,6.36,1994.0,road
921,太原市,晋中市,15.67,1994.0,road
922,太原市,朔州市,3664.22,1994.0,road
923,太原市,阳泉市,93.87,1994.0,road
924,晋中市,太原市,79.37,1994.0,road
925,临汾市,长治市,22698.54,1994.0,road
926,晋中市,太原市,11.53,1994.0,road
927,晋中市,长治市,5189.15,1994.0,road
928,朔州市,大同市,1503.78,1994.0,road
929,朔州市,保定市,182.82,1994.0,road
930,乌兰察布市,张家口市,95.91,1994.0,road
931,乌兰察布市,大同市,52.1,1994.0,road
932,长治市,晋城市,5.05,1994.0,road
933,长治市,晋城市,26.06,1994.0,road
934,长治市,晋城市,25.11,1994.0,road
935,洛阳市,长治市,5284.35,1994.0,road
936,三门峡市,洛阳市,147.27,1994.0,road
937,三门峡市,运城市,44.71,1994.0,road
938,渭南市,三门峡市,36992.43,1994.0,road
939,三门峡市,十堰市,732.99,1994.0,road
940,洛阳市,郑州市,6.78,1994.0,road
941,长治市,晋城市,27.61,1994.0,road
942,衡阳市,湘潭市,1912.44,1994.0,road
943,永州市,衡阳市,230.06,1994.0,road
944,贺州市,永州市,3672.67,1994.0,road
945,桂林市,贺州市,129.64,1994.0,road
946,桂林市,贺州市,553.93,1994.0,road
947,桂林市,柳州市,95.06,1994.0,road
948,柳州市,桂林市,3558.24,1994.0,road
949,柳州市,来宾市,6.19,1994.0,road
950,来宾市,柳州市,52.83,1994.0,road
951,柳州市,来宾市,5995.5,1994.0,road
952,柳州市,来宾市,21.58,1994.0,road
953,南宁市,贵港市,68.12,1994.0,road
954,河池市,来宾市,52697.37,1994.0,road
955,钦州市,北海市,9162.25,1994.0,road
956,北海市,梧州市,513.1,1994.0,road
957,贵港市,梧州市,211.3,1994.0,road
958,桂林市,永州市,15399.14,1994.0,road
959,柳州市,梧州市,17749.75,1994.0,road
960,桂林市,永州市,242.28,1994.0,road
961,梧州市,贺州市,402.19,1994.0,road
962,梧州市,肇庆市,208.39,1994.0,road
963,梧州市,贺州市,7.92,1994.0,road
964,贺州市,梧州市,31.95,1994.0,road
965,永州市,邵阳市,31.02,1994.0,road
966,贺州市,韶关市,119.35,1994.0,road
967,梧州市,肇庆市,7104.28,1994.0,road
968,贺州市,郴州市,25788.3,1994.0,road
969,贺州市,清远市,1570.15,1994.0,road
970,贺州市,韶关市,29.05,1994.0,road
971,肇庆市,广州市,91.16,1994.0,road
972,清远市,韶关市,178.92,1994.0,road
973,清远市,广州市,511.1,1994.0,road
974,湘潭市,株洲市,19.3,1994.0,road
975,长治市,安阳市,37.94,1994.0,road
976,湘潭市,萍乡市,64.99,1994.0,road
977,湘潭市,株洲市,195.53,1994.0,road
978,长沙市,咸宁市,7520.6,1994.0,road
979,长沙市,萍乡市,63.95,1994.0,road
980,阳泉市,保定市,444.89,1994.0,road
981,阳泉市,石家庄市,20.59,1994.0,road
982,大同市,张家口市,16872.27,1994.0,road
983,乌兰察布市,张家口市,99.65,1994.0,road
984,佛山市,广州市,17.48,1994.0,road
985,佛山市,珠海市,99.52,1994.0,road
986,广州市,佛山市,6.99,1994.0,road
987,广州市,韶关市,4659.67,1994.0,road
988,衡阳市,郴州市,11962.04,1994.0,road
989,长沙市,黄石市,2599.6,1994.0,road
990,萍乡市,株洲市,16.63,1994.0,road
991,萍乡市,宜春市,1041.84,1994.0,road
992,萍乡市,宜春市,57.83,1994.0,road
993,韶关市,郴州市,11.77,1994.0,road
994,萍乡市,宜春市,6.26,1994.0,road
995,张家口市,北京市,72.35,1994.0,road
996,张家口市,保定市,35.43,1994.0,road
997,韶关市,赣州市,267.33,1994.0,road
998,襄樊市,武汉市,7004.46,1994.0,road
999,十堰市,襄樊市,35963.76,1994.0,road
1000,襄樊市,荆门市,33.04,1994.0,road
1001,襄樊市,南阳市,9501.24,1994.0,road
1002,襄樊市,孝感市,3360.62,1994.0,road
1003,十堰市,平顶山市,17184.97,1994.0,road
1004,南阳市,平顶山市,163.17,1994.0,road
1005,南阳市,信阳市,234.09,1994.0,road
1006,平顶山市,南阳市,15.44,1994.0,road
1007,许昌市,信阳市,636.57,1994.0,road
1008,许昌市,周口市,96.0,1994.0,road
1009,信阳市,随州市,5.75,1994.0,road
1010,信阳市,阜阳市,100.79,1994.0,road
1011,保定市,张家口市,495.21,1994.0,road
1012,张家口市,北京市,148.33,1994.0,road
1013,张家口市,赤峰市,11948.87,1994.0,road
1014,广州市,深圳市,697.15,1994.0,road
1015,广州市,河源市,610.51,1994.0,road
1016,广州市,惠州市,103.06,1994.0,road
1017,开封市,周口市,173.65,1994.0,road
1018,开封市,菏泽市,7.54,1994.0,road
1019,开封市,菏泽市,38.14,1994.0,road
1020,郑州市,开封市,75.17,1994.0,road
1021,郑州市,邯郸市,497.16,1994.0,road
1022,开封市,菏泽市,98.26,1994.0,road
1023,邯郸市,聊城市,67.23,1994.0,road
1024,濮阳市,聊城市,1976.46,1994.0,road
1025,开封市,菏泽市,39.75,1994.0,road
1026,开封市,菏泽市,4.33,1994.0,road
1027,开封市,菏泽市,90.18,1994.0,road
1028,开封市,商丘市,90.44,1994.0,road
1029,韶关市,河源市,25.25,1994.0,road
1030,聊城市,衡水市,301.84,1994.0,road
1031,聊城市,济南市,96.18,1994.0,road
1032,黄冈市,鄂州市,121.51,1994.0,road
1033,周口市,毫州市,15799.51,1994.0,road
1034,黄冈市,鄂州市,38.35,1994.0,road
1035,黄冈市,安庆市,151.69,1994.0,road
1036,河源市,赣州市,5358.22,1994.0,road
1037,赣州市,吉安市,40.36,1994.0,road
1038,赣州市,吉安市,6753.25,1994.0,road
1039,萍乡市,南昌市,49985.52,1994.0,road
1040,吉安市,南昌市,529.25,1994.0,road
1041,吉安市,赣州市,350.14,1994.0,road
1042,赣州市,龙岩市,149.44,1994.0,road
1043,毫州市,六安市,3707.08,1994.0,road
1044,北京市,廊坊市,10.71,1994.0,road
1045,呼伦贝尔市,齐齐哈尔市,570.47,1994.0,road
1046,聊城市,泰安市,48.17,1994.0,road
1047,武汉市,六安市,3832.17,1994.0,road
1048,武汉市,南昌市,3265.45,1994.0,road
1049,南昌市,抚州市,332.63,1994.0,road
1050,南昌市,九江市,113.13,1994.0,road
1051,菏泽市,济宁市,11954.52,1994.0,road
1052,九江市,安庆市,654.01,1994.0,road
1053,聊城市,济宁市,97.79,1994.0,road
1054,聊城市,济南市,96.21,1994.0,road
1055,南昌市,抚州市,46.03,1994.0,road
1056,商丘市,济宁市,288.19,1994.0,road
1057,商丘市,徐州市,250.01,1994.0,road
1058,商丘市,徐州市,152.78,1994.0,road
1059,济宁市,泰安市,55.79,1994.0,road
1060,赣州市,梅州市,11794.4,1994.0,road
1061,惠州市,汕头市,58522.12,1994.0,road
1062,梅州市,汕头市,255.07,1994.0,road
1063,梅州市,龙岩市,1085.47,1994.0,road
1064,赣州市,龙岩市,9.94,1994.0,road
1065,赤峰市,承德市,85.24,1994.0,road
1066,赤峰市,承德市,160.86,1994.0,road
1067,赣州市,龙岩市,147.0,1994.0,road
1068,赣州市,抚州市,6607.76,1994.0,road
1069,泰安市,济宁市,2469.93,1994.0,road
1070,沧州市,天津市,26.74,1994.0,road
1071,六安市,合肥市,21927.91,1994.0,road
1072,济宁市,枣庄市,603.0,1994.0,road
1073,安庆市,池州市,20.33,1994.0,road
1074,沧州市,天津市,21.55,1994.0,road
1075,济宁市,临沂市,134.0,1994.0,road
1076,赤峰市,朝阳市,177.66,1994.0,road
1077,赤峰市,通辽市,405.61,1994.0,road
1078,安庆市,池州市,26.46,1994.0,road
1079,安庆市,合肥市,2381.74,1994.0,road
1080,徐州市,枣庄市,35.67,1994.0,road
1081,徐州市,淮北市,7.69,1994.0,road
1082,天津市,唐山市,50.01,1994.0,road
1083,天津市,廊坊市,33.45,1994.0,road
1084,廊坊市,天津市,9.43,1994.0,road
1085,天津市,廊坊市,58.08,1994.0,road
1086,廊坊市,天津市,64.5,1994.0,road
1087,天津市,廊坊市,5.02,1994.0,road
1088,沧州市,天津市,979.71,1994.0,road
1089,沧州市,滨州市,1334.99,1994.0,road
1090,宿州市,蚌埠市,22994.4,1994.0,road
1091,徐州市,南京市,517.77,1994.0,road
1092,唐山市,秦皇岛市,246.57,1994.0,road
1093,龙岩市,南平市,243.67,1994.0,road
1094,龙岩市,三明市,90.53,1994.0,road
1095,合肥市,六安市,10.3,1994.0,road
1096,龙岩市,漳州市,10.67,1994.0,road
1097,枣庄市,临沂市,570.92,1994.0,road
1098,徐州市,宿迁市,79.77,1994.0,road
1099,龙岩市,漳州市,133.85,1994.0,road
1100,合肥市,南京市,155.76,1994.0,road
1101,汕头市,厦门市,1334.35,1994.0,road
1102,济南市,滨州市,145.39,1994.0,road
1103,济南市,泰安市,22.35,1994.0,road
1104,济南市,泰安市,19.37,1994.0,road
1105,济南市,泰安市,10.76,1994.0,road
1106,济南市,泰安市,12.77,1994.0,road
1107,济南市,泰安市,6.18,1994.0,road
1108,济南市,泰安市,3.92,1994.0,road
1109,聊城市,济南市,50.88,1994.0,road
1110,聊城市,济南市,215.68,1994.0,road
1111,德州市,济南市,203.38,1994.0,road
1112,沧州市,德州市,6449.17,1994.0,road
1113,保定市,廊坊市,2540.53,1994.0,road
1114,衡水市,沧州市,7.01,1994.0,road
1115,衡水市,德州市,822.98,1994.0,road
1116,石家庄市,衡水市,111.22,1994.0,road
1117,石家庄市,阳泉市,4.42,1994.0,road
1118,晋中市,邢台市,55118.07,1994.0,road
1119,石家庄市,保定市,274.15,1994.0,road
1120,石家庄市,衡水市,7473.35,1994.0,road
1121,济南市,淄博市,170.78,1994.0,road
1122,济南市,淄博市,53.5,1994.0,road
1123,淄博市,滨州市,22.27,1994.0,road
1124,滨州市,淄博市,976.4,1994.0,road
1125,淄博市,莱芜市,4.41,1994.0,road
1126,莱芜市,临沂市,6418.94,1994.0,road
1127,淄博市,潍坊市,104.7,1994.0,road
1128,抚州市,鹰潭市,89.55,1994.0,road
1129,抚州市,鹰潭市,7570.76,1994.0,road
1130,抚州市,鹰潭市,67.06,1994.0,road
1131,景德镇市,宣城市,22335.01,1994.0,road
1132,鹰潭市,衢州市,200.14,1994.0,road
1133,临沂市,连云港市,17.32,1994.0,road
1134,白城市,通辽市,278.68,1994.0,road
1135,宿迁市,淮安市,7390.1,1994.0,road
1136,临沂市,日照市,8948.15,1994.0,road
1137,南平市,三明市,60.17,1994.0,road
1138,赤峰市,朝阳市,120.62,1994.0,road
1139,赤峰市,朝阳市,44.12,1994.0,road
1140,潍坊市,东营市,11.24,1994.0,road
1141,南平市,衢州市,5574.35,1994.0,road
1142,赤峰市,通辽市,2608.25,1994.0,road
1143,赤峰市,朝阳市,87.41,1994.0,road
1144,南京市,马鞍山市,21.14,1994.0,road
1145,南京市,泰州市,207.94,1994.0,road
1146,芜湖市,南京市,1545.88,1994.0,road
1147,南京市,湖州市,186.18,1994.0,road
1148,南京市,上海市,317.27,1994.0,road
1149,厦门市,漳州市,185.7,1994.0,road
1150,黄山市,湖州市,30708.13,1994.0,road
1151,厦门市,福州市,428.66,1994.0,road
1152,衢州市,上饶市,6.55,1994.0,road
1153,衢州市,金华市,1290.87,1994.0,road
1154,连云港市,日照市,24.96,1994.0,road
1155,福州市,宁德市,64.87,1994.0,road
1156,金华市,杭州市,195.86,1994.0,road
1157,金华市,温州市,2642.75,1994.0,road
1158,青岛市,日照市,254.68,1994.0,road
1159,福州市,台州市,4825.24,1994.0,road
1160,湖州市,嘉兴市,25.05,1994.0,road
1161,白城市,通辽市,14875.9,1994.0,road
1162,白城市,齐齐哈尔市,26003.98,1994.0,road
1163,白城市,长春市,272.54,1994.0,road
1164,通辽市,四平市,68.06,1994.0,road
1165,连云港市,泰州市,609.13,1994.0,road
1166,宿迁市,连云港市,1018.74,1994.0,road
1167,临沂市,连云港市,64.67,1994.0,road
1168,连云港市,青岛市,454.62,1994.0,road
1169,潍坊市,青岛市,120.78,1994.0,road
1170,潍坊市,烟台市,365.45,1994.0,road
1171,潍坊市,青岛市,125.48,1994.0,road
1172,青岛市,烟台市,584.21,1994.0,road
1173,青岛市,烟台市,19.79,1994.0,road
1174,泰州市,南通市,78.81,1994.0,road
1175,湖州市,上海市,4704.17,1994.0,road
1176,杭州市,上海市,425.04,1994.0,road
1177,杭州市,绍兴市,81.61,1994.0,road
1178,通辽市,四平市,3.4,1994.0,road
1179,齐齐哈尔市,大庆市,38.46,1994.0,road
1180,通辽市,四平市,3.62,1994.0,road
1181,通辽市,阜新市,234.79,1994.0,road
1182,烟台市,威海市,7616.9,1994.0,road
1183,烟台市,威海市,13.0,1994.0,road
1184,通辽市,四平市,133.6,1994.0,road
1185,齐齐哈尔市,黑河市,42794.64,1994.0,road
1186,齐齐哈尔市,大庆市,239.7,1994.0,road
1187,南通市,上海市,1826.31,1994.0,road
1188,南通市,无锡市,17.78,1994.0,road
1189,阜新市,沈阳市,191.74,1994.0,road
1190,阜新市,沈阳市,10.65,1994.0,road
1191,沈阳市,辽阳市,44.75,1994.0,road
1192,沈阳市,铁岭市,77.61,1994.0,road
1193,绍兴市,舟山市,155.78,1994.0,road
1194,绍兴市,台州市,571.82,1994.0,road
1195,盘锦市,沈阳市,250.5,1994.0,road
1196,锦州市,盘锦市,26.43,1994.0,road
1197,盘锦市,营口市,116.04,1994.0,road
1198,沈阳市,辽阳市,4.82,1994.0,road
1199,铁岭市,沈阳市,4709.84,1994.0,road
1200,沈阳市,抚顺市,107.01,1994.0,road
1201,台州市,温州市,8.65,1994.0,road
1202,齐齐哈尔市,大庆市,24.22,1994.0,road
1203,大庆市,哈尔滨市,80.0,1994.0,road
1204,四平市,辽源市,27816.25,1994.0,road
1205,长春市,大庆市,4.62,1994.0,road
1206,大庆市,齐齐哈尔市,191.81,1994.0,road
1207,大庆市,哈尔滨市,7.07,1994.0,road
1208,长春市,吉林市,7772.34,1994.0,road
1209,大庆市,哈尔滨市,150.77,1994.0,road
1210,四平市,长春市,173.01,1994.0,road
1211,沈阳市,四平市,1197.67,1994.0,road
1212,四平市,辽源市,159.49,1994.0,road
1213,长春市,吉林市,6.58,1994.0,road
1214,长春市,吉林市,1111.3,1994.0,road
1215,长春市,吉林市,121.51,1994.0,road
1216,大庆市,哈尔滨市,58521.23,1994.0,road
1217,哈尔滨市,大庆市,88.09,1994.0,road
1218,哈尔滨市,大庆市,64.99,1994.0,road
1219,哈尔滨市,伊春市,1174.31,1994.0,road
1220,辽源市,白山市,15.73,1994.0,road
1221,辽源市,吉林市,4761.71,1994.0,road
1222,通化市,白山市,11.33,1994.0,road
1223,哈尔滨市,吉林市,7744.99,1994.0,road
1224,吉林市,长春市,181.95,1994.0,road
1225,通化市,白山市,150.99,1994.0,road
1226,通化市,白山市,5.94,1994.0,road
1227,沈阳市,通化市,4249.37,1994.0,road
1228,沈阳市,抚顺市,8.91,1994.0,road
1229,沈阳市,丹东市,266.79,1994.0,road
1230,丹东市,通化市,646.87,1994.0,road
1231,营口市,丹东市,201.07,1994.0,road
1232,营口市,丹东市,95.71,1994.0,road
1233,营口市,盘锦市,34.17,1994.0,road
1234,营口市,盘锦市,4.92,1994.0,road
1235,营口市,盘锦市,5.46,1994.0,road
1236,营口市,盘锦市,57.8,1994.0,road
1237,营口市,盘锦市,91.8,1994.0,road
1238,大连市,营口市,1365.38,1994.0,road
1239,大连市,营口市,3.67,1994.0,road
1240,大连市,营口市,262.98,1994.0,road
1241,大连市,营口市,225.35,1994.0,road
1242,大连市,威海市,31.51,1994.0,road
1243,大连市,营口市,1190.37,1994.0,road
1244,大连市,营口市,188.9,1994.0,road
1245,营口市,盘锦市,6.49,1994.0,road
1246,营口市,鞍山市,169.75,1994.0,road
1247,营口市,盘锦市,10.43,1994.0,road
1248,营口市,盘锦市,4.58,1994.0,road
1249,营口市,沈阳市,1649.11,1994.0,road
1250,沈阳市,抚顺市,1213.55,1994.0,road
1251,沈阳市,抚顺市,16.97,1994.0,road
1252,通化市,白山市,7924.31,1994.0,road
1253,吉林市,牡丹江市,51.11,1994.0,road
1254,吉林市,牡丹江市,14.2,1994.0,road
1255,鹤岗市,佳木斯市,805.63,1994.0,road
1256,哈尔滨市,佳木斯市,89357.21,1994.0,road
1257,佳木斯市,双鸭山市,190.51,1994.0,road
1258,佳木斯市,七台河市,120.16,1994.0,road
1259,牡丹江市,鸡西市,597.0,1994.0,road
1260,吉林市,鸡西市,54471.7,1994.0,road
1261,三亚市,海口市,42647.35,1994.0,road
1262,三亚市,海口市,36216.3,1994.0,road
1263,保定市,北京市,2535.65,1994.0,road
1264,保定市,廊坊市,150.29,1994.0,road
1265,保定市,廊坊市,1362.43,1994.0,road
1266,北京市,廊坊市,4.59,1994.0,road
1267,北京市,廊坊市,4.02,1994.0,road
1268,张家口市,北京市,194.61,1994.0,road
1269,张家口市,承德市,223.97,1994.0,road
1270,北京市,廊坊市,87.21,1994.0,road
1271,北京市,廊坊市,24.6,1994.0,road
1272,北京市,唐山市,5167.99,1994.0,road
1273,承德市,北京市,219.11,1994.0,road
1274,北京市,承德市,178.7,1994.0,road
1275,承德市,朝阳市,557.26,1994.0,road
1276,承德市,唐山市,109.82,1994.0,road
1277,承德市,秦皇岛市,730.81,1994.0,road
1278,承德市,朝阳市,273.67,1994.0,road
1279,朝阳市,承德市,4.31,1994.0,road
1280,朝阳市,葫芦岛市,134.73,1994.0,road
1281,朝阳市,锦州市,34340.93,1994.0,road
1282,秦皇岛市,葫芦岛市,81.81,1994.0,road
1283,洛阳市,许昌市,36445.28,1994.0,road
1284,大连市,威海市,1218.51,1994.0,road
1285,克拉玛依市,乌鲁木齐市,36.23,1994.0,road
1286,舟山市,宁波市,25.43,1994.0,road
1287,常德市,荆州市,2191.93,1994.0,road
1288,西安市,咸阳市,270.48,1994.0,road
1289,鄂尔多斯市,包头市,1174.96,1994.0,road
1290,广州市,惠州市,323.28,1995.0,road
1291,资阳市,广安市,590.32,1995.0,road
1292,宝鸡市,西安市,163.79,1995.0,road
1293,三亚市,海口市,4477.04,1995.0,road
1294,宜昌市,黄石市,422.39,1995.0,road
1295,太原市,石家庄市,213.05,1995.0,road
1296,洛阳市,郑州市,111.05,1995.0,road
1297,合肥市,铜陵市,340.48,1995.0,road
1298,合肥市,芜湖市,82.0,1995.0,road
1299,大庆市,牡丹江市,390.43,1995.0,road
1300,深圳市,惠州市,63.79,1995.0,road
1301,嘉兴市,上海市,90.12,1996.0,road
1302,昆明市,曲靖市,159.95,1996.0,road
1303,昆明市,玉溪市,15.01,1996.0,road
1304,昆明市,玉溪市,52.36,1996.0,road
1305,贵阳市,遵义市,136.55,1996.0,road
1306,肇庆市,佛山市,41.84,1996.0,road
1307,湘潭市,株洲市,286.05,1996.0,road
1308,江门市,佛山市,117.8,1996.0,road
1309,郑州市,许昌市,80.34,1996.0,road
1310,广州市,佛山市,34.31,1996.0,road
1311,广州市,佛山市,27.63,1996.0,road
1312,广州市,东莞市,22.1,1996.0,road
1313,广州市,东莞市,18.78,1996.0,road
1314,广州市,惠州市,123.11,1996.0,road
1315,惠州市,深圳市,20.09,1996.0,road
1316,惠州市,汕尾市,36.59,1996.0,road
1317,聊城市,济南市,147.93,1996.0,road
1318,北京市,廊坊市,30.96,1996.0,road
1319,北京市,廊坊市,43.73,1996.0,road
1320,九江市,黄石市,2980.73,1996.0,road
1321,天津市,唐山市,90.67,1996.0,road
1322,唐山市,秦皇岛市,58.93,1996.0,road
1323,合肥市,六安市,28.85,1996.0,road
1324,汕头市,揭阳市,31.31,1996.0,road
1325,唐山市,秦皇岛市,100.19,1996.0,road
1326,唐山市,秦皇岛市,84.88,1996.0,road
1327,唐山市,秦皇岛市,140.25,1996.0,road
1328,汕头市,揭阳市,52.62,1996.0,road
1329,南京市,上海市,305.61,1996.0,road
1330,连云港市,日照市,31.81,1996.0,road
1331,青岛市,潍坊市,2298.08,1996.0,road
1332,福州市,宁德市,21.15,1996.0,road
1333,杭州市,宁波市,169.05,1996.0,road
1334,沈阳市,抚顺市,268.69,1996.0,road
1335,沈阳市,抚顺市,20.96,1996.0,road
1336,沈阳市,本溪市,55.75,1996.0,road
1337,沈阳市,抚顺市,25.04,1996.0,road
1338,沈阳市,铁岭市,552.37,1996.0,road
1339,沈阳市,抚顺市,35.07,1996.0,road
1340,四平市,长春市,182.44,1996.0,road
1341,乌鲁木齐市,克拉玛依市,672.56,1996.0,road
1342,雅安市,丽江市,239.92,1996.0,road
1343,玉溪市,思茅市,213.27,1996.0,road
1344,内江市,广安市,153.38,1996.0,road
1345,河池市,百色市,47.22,1996.0,road
1346,河池市,桂林市,66.41,1996.0,road
1347,怀化市,张家界市,39.72,1996.0,road
1348,孝感市,武汉市,52.86,1996.0,road
1349,天津市,唐山市,70.47,1996.0,road
1350,枣庄市,徐州市,1382.09,1996.0,road
1351,南平市,福州市,390.19,1996.0,road
1352,长春市,哈尔滨市,698.9,1996.0,road
1353,惠州市,汕头市,234.68,1996.0,road
1354,惠州市,河源市,71.71,1996.0,road
1355,柳州市,桂林市,63.62,1997.0,road
1356,柳州市,桂林市,475.37,1997.0,road
1357,包头市,呼和浩特市,165.99,1997.0,road
1358,佛山市,广州市,49.08,1997.0,road
1359,广州市,东莞市,14.81,1997.0,road
1360,德州市,济南市,110.41,1997.0,road
1361,长春市,吉林市,569.88,1997.0,road
1362,长春市,吉林市,55.15,1997.0,road
1363,长春市,吉林市,6.25,1997.0,road
1364,长春市,吉林市,96.62,1997.0,road
1365,哈尔滨市,佳木斯市,365.82,1997.0,road
1366,防城港市,钦州市,213.46,1998.0,road
1367,南宁市,钦州市,509.18,1998.0,road
1368,钦州市,北海市,90.37,1998.0,road
1369,忻州市,太原市,1812.56,1998.0,road
1370,益阳市,长沙市,97.08,1998.0,road
1371,郑州市,邢台市,9860.06,1998.0,road
1372,许昌市,漯河市,68.95,1998.0,road
1373,北京市,廊坊市,76.06,1998.0,road
1374,漳州市,厦门市,44.03,1998.0,road
1375,厦门市,漳州市,44.64,1998.0,road
1376,厦门市,福州市,653.63,1998.0,road
1377,泰州市,无锡市,115.21,1998.0,road
1378,杭州市,嘉兴市,542.47,1998.0,road
1379,烟台市,威海市,9332.37,1998.0,road
1380,铁岭市,四平市,601.26,1998.0,road
1381,三亚市,海口市,58243.1,1998.0,road
1382,北京市,唐山市,81.75,1998.0,road
1383,秦皇岛市,盘锦市,289.55,1998.0,road
1384,乌鲁木齐市,克拉玛依市,635.08,1998.0,road
1385,保山市,昆明市,296.42,1998.0,road
1386,西安市,三门峡市,194.49,1998.0,road
1387,常德市,益阳市,96.5,1998.0,road
1388,石家庄市,沧州市,238.84,1998.0,road
1389,新余市,南昌市,95.42,1998.0,road
1390,六安市,合肥市,124.52,1998.0,road
1391,南昌市,抚州市,79.82,1998.0,road
1392,牡丹江市,鸡西市,166.59,1998.0,road
1393,兰州市,白银市,16.8,1998.0,road
1394,思茅市,玉溪市,146.86,1998.0,road
1395,鹤岗市,佳木斯市,66.73,1998.0,road
1396,渭南市,运城市,153.73,1998.0,road
1397,常德市,长沙市,237.49,1998.0,road
1398,开封市,菏泽市,181.52,1998.0,road
1399,淮安市,连云港市,481.09,1998.0,road
1400,乌鲁木齐市,克拉玛依市,127.57,1998.0,road
1401,贵阳市,遵义市,1446.29,1998.0,road
1402,佳木斯市,双鸭山市,107.4,1998.0,road
1403,乐山市,成都市,486.88,1999.0,road
1404,广州市,佛山市,119.61,1999.0,road
1405,潍坊市,烟台市,164.32,1999.0,road
1406,曲靖市,昆明市,109.87,1999.0,road
1407,保定市,天津市,140.16,1999.0,road
1408,济南市,泰安市,142.97,1999.0,road
1409,玉溪市,昆明市,160.68,2000.0,road
1410,克拉玛依市,乌鲁木齐市,257.91,2000.0,road
1411,保山市,丽江市,20.62,2000.0,road
1412,成都市,德阳市,153.3,2000.0,road
1413,绵阳市,德阳市,26.37,2000.0,road
1414,贵阳市,遵义市,5.42,2000.0,road
1415,南宁市,钦州市,37.29,2000.0,road
1416,长沙市,株洲市,78.29,2000.0,road
1417,广州市,东莞市,25.76,2000.0,road
1418,东莞市,中山市,7.21,2000.0,road
1419,惠州市,深圳市,25.83,2000.0,road
1420,黄石市,九江市,181.03,2000.0,road
1421,九江市,景德镇市,147.67,2000.0,road
1422,沧州市,天津市,73.53,2000.0,road
1423,合肥市,滁州市,58.69,2000.0,road
1424,合肥市,六安市,11.29,2000.0,road
1425,合肥市,马鞍山市,42.47,2000.0,road
1426,福州市,宁德市,31.02,2000.0,road
1427,运城市,三门峡市,578.15,2000.0,road
1428,保山市,丽江市,291.38,2000.0,road
1429,克拉玛依市,乌鲁木齐市,205.2,2000.0,road
1430,克拉玛依市,乌鲁木齐市,138.34,2000.0,road
1431,思茅市,临沧市,389.71,2000.0,road
1432,雅安市,德阳市,493.16,2000.0,road
1433,曲靖市,昭通市,1526.52,2000.0,road
1434,陇南市,德阳市,10511.83,2000.0,road
1435,定西市,固原市,126.48,2000.0,road
1436,贵阳市,遵义市,44.7,2000.0,road
1437,河池市,贵阳市,2126.33,2000.0,road
1438,贵阳市,遵义市,78.24,2000.0,road
1439,柳州市,桂林市,210.75,2000.0,road
1440,十堰市,襄樊市,88.99,2000.0,road
1441,深圳市,惠州市,150.45,2000.0,road
1442,天津市,沧州市,1158.31,2000.0,road
1443,宿州市,蚌埠市,5857.28,2000.0,road
1444,安庆市,池州市,12.96,2000.0,road
1445,鹰潭市,南平市,89.23,2000.0,road
1446,齐齐哈尔市,大庆市,74.44,2000.0,road
1447,大庆市,齐齐哈尔市,112.0,2000.0,road
1448,白银市,兰州市,37.49,2001.0,road
1449,广安市,南充市,45.2,2001.0,road
1450,铜川市,延安市,831.94,2001.0,road
1451,呼和浩特市,乌兰察布市,39.07,2001.0,road
1452,晋城市,焦作市,34.96,2001.0,road
1453,佛山市,广州市,62.76,2001.0,road
1454,佛山市,广州市,21.81,2001.0,road
1455,佛山市,广州市,36.27,2001.0,road
1456,广州市,东莞市,98.14,2001.0,road
1457,中山市,东莞市,90.92,2001.0,road
1458,张家口市,北京市,367.52,2001.0,road
1459,揭阳市,汕头市,92.1,2001.0,road
1460,龙岩市,漳州市,55.6,2001.0,road
1461,宿迁市,连云港市,71.72,2001.0,road
1462,盐城市,常州市,278.62,2001.0,road
1463,西安市,渭南市,64.02,2001.0,road
1464,成都市,德阳市,165.27,2002.0,road
1465,自贡市,内江市,322.81,2002.0,road
1466,咸阳市,西安市,70.37,2002.0,road
1467,北海市,梧州市,353.18,2002.0,road
1468,宜昌市,荆门市,48.95,2002.0,road
1469,龙岩市,漳州市,102.73,2002.0,road
1470,淮安市,扬州市,2398.89,2002.0,road
1471,南京市,扬州市,87.92,2002.0,road
1472,淮安市,连云港市,2048.42,2002.0,road
1473,常州市,南通市,119.26,2002.0,road
1474,盘锦市,沈阳市,175.4,2002.0,road
1475,白银市,兰州市,28.6,2002.0,road
1476,张掖市,武威市,309.31,2002.0,road
1477,西宁市,兰州市,42.01,2002.0,road
1478,雅安市,眉山市,122.57,2002.0,road
1479,乐山市,眉山市,31.66,2002.0,road
1480,成都市,南充市,195.27,2002.0,road
1481,兰州市,白银市,439.7,2002.0,road
1482,宜宾市,自贡市,135.35,2002.0,road
1483,绵阳市,广元市,174.31,2002.0,road
1484,昭通市,贵阳市,185.13,2002.0,road
1485,泸州市,宜宾市,750.18,2002.0,road
1486,天水市,宝鸡市,167.34,2002.0,road
1487,中卫市,吴忠市,36.1,2002.0,road
1488,广安市,遂宁市,61.71,2002.0,road
1489,吴忠市,银川市,659.72,2002.0,road
1490,广安市,遂宁市,14.89,2002.0,road
1491,泸州市,遵义市,4361.37,2002.0,road
1492,银川市,吴忠市,10.06,2002.0,road
1493,广安市,重庆市,152.23,2002.0,road
1494,广安市,南充市,137.02,2002.0,road
1495,银川市,石嘴山市,108.53,2002.0,road
1496,贵阳市,遵义市,96.05,2002.0,road
1497,广安市,达州市,274.14,2002.0,road
1498,河池市,百色市,5681.51,2002.0,road
1499,崇左市,南宁市,68.38,2002.0,road
1500,宝鸡市,咸阳市,52.62,2002.0,road
1501,南宁市,钦州市,17.97,2002.0,road
1502,河池市,南宁市,1018.28,2002.0,road
1503,南宁市,柳州市,413.08,2002.0,road
1504,北海市,钦州市,14.52,2002.0,road
1505,西安市,渭南市,30.27,2002.0,road
1506,北海市,湛江市,201.87,2002.0,road
1507,柳州市,来宾市,42.11,2002.0,road
1508,贵港市,梧州市,237.79,2002.0,road
1509,渭南市,运城市,150.08,2002.0,road
1510,湛江市,茂名市,399.97,2002.0,road
1511,海口市,湛江市,71.98,2002.0,road
1512,三门峡市,运城市,43.34,2002.0,road
1513,运城市,晋中市,2016.06,2002.0,road
1514,三门峡市,洛阳市,141.84,2002.0,road
1515,邵阳市,湘潭市,198.67,2002.0,road
1516,太原市,晋中市,55.87,2002.0,road
1517,太原市,晋中市,38.12,2002.0,road
1518,太原市,晋中市,39.14,2002.0,road
1519,晋城市,焦作市,51.93,2002.0,road
1520,太原市,晋中市,17.03,2002.0,road
1521,洛阳市,平顶山市,806.82,2002.0,road
1522,忻州市,大同市,1729.07,2002.0,road
1523,贺州市,清远市,626.69,2002.0,road
1524,江门市,中山市,28.79,2002.0,road
1525,大同市,乌兰察布市,150.15,2002.0,road
1526,长治市,邯郸市,218.96,2002.0,road
1527,大同市,乌兰察布市,3.3,2002.0,road
1528,大同市,乌兰察布市,2.78,2002.0,road
1529,大同市,张家口市,216.0,2002.0,road
1530,江门市,中山市,3.23,2002.0,road
1531,江门市,中山市,29.03,2002.0,road
1532,衡阳市,郴州市,3879.73,2002.0,road
1533,江门市,中山市,65.97,2002.0,road
1534,株洲市,萍乡市,55.89,2002.0,road
1535,长沙市,咸宁市,3681.63,2002.0,road
1536,郴州市,衡阳市,83.03,2002.0,road
1537,郴州市,韶关市,170.22,2002.0,road
1538,张家口市,北京市,107.04,2002.0,road
1539,中山市,珠海市,58.64,2002.0,road
1540,东莞市,深圳市,23.82,2002.0,road
1541,石家庄市,阳泉市,26.23,2002.0,road
1542,武汉市,咸宁市,29.97,2002.0,road
1543,武汉市,孝感市,1350.06,2002.0,road
1544,开封市,菏泽市,47.26,2002.0,road
1545,武汉市,鄂州市,72.84,2002.0,road
1546,深圳市,惠州市,52.28,2002.0,road
1547,邯郸市,聊城市,97.51,2002.0,road
1548,武汉市,孝感市,494.07,2002.0,road
1549,菏泽市,濮阳市,37.53,2002.0,road
1550,北京市,廊坊市,570.28,2002.0,road
1551,北京市,廊坊市,17.82,2002.0,road
1552,北京市,廊坊市,26.02,2002.0,road
1553,廊坊市,北京市,187.69,2002.0,road
1554,北京市,廊坊市,117.43,2002.0,road
1555,北京市,廊坊市,61.59,2002.0,road
1556,德州市,沧州市,215.55,2002.0,road
1557,北京市,廊坊市,21.96,2002.0,road
1558,南昌市,杭州市,735.37,2002.0,road
1559,九江市,铜陵市,269.0,2002.0,road
1560,沧州市,天津市,673.52,2002.0,road
1561,济南市,泰安市,51.25,2002.0,road
1562,济南市,泰安市,147.09,2002.0,road
1563,济南市,泰安市,20.33,2002.0,road
1564,临沂市,宿迁市,209.72,2002.0,road
1565,泰安市,济南市,7.93,2002.0,road
1566,滨州市,淄博市,174.39,2002.0,road
1567,汕头市,揭阳市,34.88,2002.0,road
1568,莱芜市,淄博市,241.23,2002.0,road
1569,汕头市,漳州市,472.25,2002.0,road
1570,莱芜市,临沂市,66.1,2002.0,road
1571,泰安市,莱芜市,84.73,2002.0,road
1572,临沂市,日照市,111.23,2002.0,road
1573,漳州市,厦门市,59.11,2002.0,road
1574,淄博市,东营市,1843.04,2002.0,road
1575,宿迁市,淮安市,145.67,2002.0,road
1576,芜湖市,宣城市,25.95,2002.0,road
1577,马鞍山市,南京市,91.93,2002.0,road
1578,南京市,滁州市,345.43,2002.0,road
1579,南平市,福州市,156.62,2002.0,road
1580,南京市,马鞍山市,627.49,2002.0,road
1581,淮安市,扬州市,158.33,2002.0,road
1582,芜湖市,湖州市,4096.27,2002.0,road
1583,宣城市,芜湖市,14.88,2002.0,road
1584,朝阳市,锦州市,107.62,2002.0,road
1585,扬州市,泰州市,29.18,2002.0,road
1586,烟台市,青岛市,19.65,2002.0,road
1587,锦州市,阜新市,767.58,2002.0,road
1588,湖州市,杭州市,141.91,2002.0,road
1589,福州市,宁德市,1385.52,2002.0,road
1590,盘锦市,营口市,91.85,2002.0,road
1591,大连市,营口市,195.43,2002.0,road
1592,苏州市,嘉兴市,116.78,2002.0,road
1593,温州市,台州市,1257.45,2002.0,road
1594,青岛市,烟台市,156.41,2002.0,road
1595,绍兴市,台州市,684.93,2002.0,road
1596,嘉兴市,上海市,45.65,2002.0,road
1597,台州市,宁波市,248.48,2002.0,road
1598,本溪市,丹东市,559.04,2002.0,road
1599,长春市,辽源市,89.65,2002.0,road
1600,长春市,吉林市,165.73,2002.0,road
1601,哈尔滨市,大庆市,187.39,2002.0,road
1602,哈尔滨市,伊春市,577.8,2002.0,road
1603,佳木斯市,双鸭山市,506.3,2002.0,road
1604,鸡西市,牡丹江市,49.18,2002.0,road
1605,兰州市,定西市,88.69,2002.0,road
1606,石嘴山市,乌海市,229.41,2002.0,road
1607,郴州市,韶关市,12638.89,2002.0,road
1608,漯河市,周口市,52.8,2002.0,road
1609,漯河市,驻马店市,409.16,2002.0,road
1610,驻马店市,信阳市,111.22,2002.0,road
1611,东莞市,深圳市,109.44,2002.0,road
1612,周口市,阜阳市,143.22,2002.0,road
1613,开封市,商丘市,125.22,2002.0,road
1614,商丘市,徐州市,118.15,2002.0,road
1615,蚌埠市,合肥市,120.13,2002.0,road
1616,青岛市,烟台市,147.79,2002.0,road
1617,青岛市,烟台市,157.85,2002.0,road
1618,眉山市,成都市,116.88,2002.0,road
1619,广安市,达州市,209.01,2002.0,road
1620,广安市,达州市,27.56,2002.0,road
1621,广安市,重庆市,243.72,2002.0,road
1622,阳江市,中山市,174.92,2002.0,road
1623,萍乡市,新余市,162.24,2002.0,road
1624,新余市,南昌市,49.55,2002.0,road
1625,菏泽市,济宁市,161.21,2002.0,road
1626,济宁市,临沂市,114.04,2002.0,road
1627,宿迁市,淮安市,347.5,2002.0,road
1628,宁德市,福州市,33.34,2002.0,road
1629,无锡市,南通市,70.87,2002.0,road
1630,宁德市,温州市,657.24,2002.0,road
1631,曲靖市,贵阳市,931.35,2002.0,road
1632,定西市,天水市,252.8,2002.0,road
1633,崇左市,南宁市,155.73,2002.0,road
1634,北海市,湛江市,96.83,2002.0,road
1635,赣州市,河源市,7348.52,2002.0,road
1636,沧州市,天津市,80.44,2002.0,road
1637,贵阳市,遵义市,190.62,2002.0,road
1638,银川市,乌海市,2546.55,2002.0,road
1639,安康市,十堰市,207.62,2002.0,road
1640,西安市,渭南市,41.39,2002.0,road
1641,运城市,临汾市,94.18,2002.0,road
1642,运城市,三门峡市,216.33,2002.0,road
1643,乌兰察布市,大同市,4744.22,2002.0,road
1644,襄樊市,荆门市,65.92,2002.0,road
1645,南阳市,襄樊市,533.82,2002.0,road
1646,韶关市,郴州市,1435.26,2002.0,road
1647,濮阳市,菏泽市,75.61,2002.0,road
1648,九江市,黄石市,13.64,2002.0,road
1649,赤峰市,朝阳市,203.82,2002.0,road
1650,六安市,安庆市,2389.73,2002.0,road
1651,赤峰市,朝阳市,744.72,2002.0,road
1652,赤峰市,朝阳市,5313.91,2002.0,road
1653,白城市,齐齐哈尔市,394.06,2002.0,road
1654,七台河市,鸡西市,7974.44,2002.0,road
1655,泰安市,莱芜市,62.18,2002.0,road
1656,莱芜市,泰安市,460.47,2002.0,road
1657,西宁市,武威市,99.62,2003.0,road
1658,西宁市,武威市,31.69,2003.0,road
1659,曲靖市,昆明市,135.51,2003.0,road
1660,南充市,广安市,10.37,2003.0,road
1661,广安市,遂宁市,215.0,2003.0,road
1662,广安市,泸州市,50.89,2003.0,road
1663,南宁市,崇左市,13.79,2003.0,road
1664,南宁市,钦州市,31.98,2003.0,road
1665,南宁市,钦州市,18.04,2003.0,road
1666,南宁市,钦州市,21.14,2003.0,road
1667,西安市,咸阳市,57.79,2003.0,road
1668,西安市,咸阳市,15.23,2003.0,road
1669,西安市,咸阳市,56.67,2003.0,road
1670,十堰市,襄樊市,153.52,2003.0,road
1671,梧州市,玉林市,5.96,2003.0,road
1672,永州市,衡阳市,113.76,2003.0,road
1673,常德市,益阳市,21.37,2003.0,road
1674,阳江市,江门市,50.18,2003.0,road
1675,长治市,晋城市,6.47,2003.0,road
1676,郑州市,焦作市,49.08,2003.0,road
1677,焦作市,郑州市,69.69,2003.0,road
1678,长沙市,株洲市,30.42,2003.0,road
1679,佛山市,广州市,5.57,2003.0,road
1680,佛山市,广州市,21.62,2003.0,road
1681,深圳市,惠州市,17.7,2003.0,road
1682,河源市,惠州市,346.52,2003.0,road
1683,北京市,廊坊市,164.47,2003.0,road
1684,北京市,廊坊市,7.71,2003.0,road
1685,北京市,廊坊市,16.8,2003.0,road
1686,北京市,廊坊市,46.25,2003.0,road
1687,梅州市,揭阳市,482.82,2003.0,road
1688,揭阳市,汕头市,50.55,2003.0,road
1689,揭阳市,汕头市,63.53,2003.0,road
1690,商丘市,毫州市,10.37,2003.0,road
1691,徐州市,宿迁市,91.94,2003.0,road
1692,徐州市,枣庄市,182.2,2003.0,road
1693,宿州市,蚌埠市,4337.58,2003.0,road
1694,徐州市,淮北市,40.66,2003.0,road
1695,铜陵市,池州市,8.02,2003.0,road
1696,南京市,马鞍山市,7.68,2003.0,road
1697,南京市,马鞍山市,37.58,2003.0,road
1698,南京市,马鞍山市,33.35,2003.0,road
1699,潍坊市,东营市,27.3,2003.0,road
1700,青岛市,潍坊市,88.71,2003.0,road
1701,烟台市,威海市,27.53,2003.0,road
1702,烟台市,威海市,30.44,2003.0,road
1703,杭州市,绍兴市,27.47,2003.0,road
1704,杭州市,湖州市,364.63,2003.0,road
1705,杭州市,绍兴市,73.0,2003.0,road
1706,杭州市,绍兴市,33.31,2003.0,road
1707,杭州市,绍兴市,10.85,2003.0,road
1708,杭州市,绍兴市,54.66,2003.0,road
1709,嘉兴市,上海市,38.54,2003.0,road
1710,嘉兴市,上海市,65.34,2003.0,road
1711,嘉兴市,上海市,8.24,2003.0,road
1712,克拉玛依市,乌鲁木齐市,93.12,2003.0,road
1713,天水市,宝鸡市,160.51,2003.0,road
1714,中卫市,吴忠市,193.08,2003.0,road
1715,宜昌市,十堰市,3839.88,2003.0,road
1716,梅州市,揭阳市,119.27,2003.0,road
1717,唐山市,天津市,31.03,2003.0,road
1718,滨州市,东营市,80.6,2003.0,road
1719,黑河市,齐齐哈尔市,25682.7,2003.0,road
1720,齐齐哈尔市,伊春市,499.98,2003.0,road
1721,吉林市,牡丹江市,124.75,2003.0,road
1722,双鸭山市,鹤岗市,578.24,2003.0,road
1723,滁州市,马鞍山市,89.55,2004.0,road
1724,西宁市,武威市,196.85,2004.0,road
1725,西宁市,武威市,18.64,2004.0,road
1726,玉溪市,昆明市,2084.48,2004.0,road
1727,曲靖市,贵阳市,216.56,2004.0,road
1728,成都市,德阳市,59.2,2004.0,road
1729,兰州市,定西市,2564.9,2004.0,road
1730,贵阳市,曲靖市,87.87,2004.0,road
1731,中卫市,吴忠市,382.98,2004.0,road
1732,银川市,榆林市,449.09,2004.0,road
1733,茂名市,阳江市,137.51,2004.0,road
1734,襄樊市,荆门市,1869.65,2004.0,road
1735,朔州市,大同市,38.32,2004.0,road
1736,阳江市,江门市,56.14,2004.0,road
1737,荆门市,荆州市,199.17,2004.0,road
1738,太原市,晋中市,27.95,2004.0,road
1739,晋城市,长治市,377.15,2004.0,road
1740,佛山市,中山市,203.44,2004.0,road
1741,中山市,珠海市,27.19,2004.0,road
1742,信阳市,随州市,94.51,2004.0,road
1743,武汉市,孝感市,14.82,2004.0,road
1744,武汉市,黄冈市,957.32,2004.0,road
1745,枣庄市,徐州市,45.67,2004.0,road
1746,安庆市,池州市,45.35,2004.0,road
1747,南京市,马鞍山市,9.63,2004.0,road
1748,黄山市,杭州市,180.08,2004.0,road
1749,常州市,无锡市,21.09,2004.0,road
1750,杭州市,绍兴市,20.42,2004.0,road
1751,苏州市,南通市,47.06,2004.0,road
1752,南通市,上海市,34.94,2004.0,road
1753,上海市,苏州市,23.72,2004.0,road
1754,上海市,苏州市,19.03,2004.0,road
1755,泸州市,遵义市,6156.04,2004.0,road
1756,鹤壁市,濮阳市,52.03,2004.0,road
1757,攀枝花市,雅安市,18460.77,2004.0,road
1758,泰安市,徐州市,695.83,2004.0,road
1759,徐州市,宿迁市,111.73,2004.0,road
1760,梧州市,肇庆市,150.53,2005.0,road
1761,张家界市,常德市,146.67,2005.0,road
1762,呼和浩特市,张家口市,196.79,2005.0,road
1763,娄底市,湘潭市,27.55,2005.0,road
1764,太原市,长治市,1834.83,2005.0,road
1765,湘潭市,株洲市,18.37,2005.0,road
1766,平顶山市,许昌市,81.39,2005.0,road
1767,吉安市,新余市,607.54,2005.0,road
1768,吉安市,赣州市,3064.8,2005.0,road
1769,衡水市,德州市,254.07,2005.0,road
1770,新余市,南昌市,8.5,2005.0,road
1771,南昌市,抚州市,12.77,2005.0,road
1772,宿迁市,淮安市,66.71,2005.0,road
1773,芜湖市,马鞍山市,228.6,2005.0,road
1774,淮安市,盐城市,83.33,2005.0,road
1775,日照市,青岛市,983.6,2005.0,road
1776,金华市,丽水市,2247.06,2005.0,road
1777,盐城市,南通市,214.63,2005.0,road
1778,丽水市,温州市,284.68,2005.0,road
1779,宁德市,福州市,67.67,2005.0,road
1780,金华市,绍兴市,91.29,2005.0,road
1781,苏州市,上海市,6.28,2005.0,road
1782,绍兴市,宁波市,112.8,2005.0,road
1783,上海市,嘉兴市,20.7,2005.0,road
1784,上海市,嘉兴市,31.74,2005.0,road
1785,上海市,嘉兴市,17.07,2005.0,road
1786,营口市,丹东市,237.52,2005.0,road
1787,上海市,嘉兴市,15.49,2005.0,road
1788,宁波市,舟山市,30.36,2005.0,road
1789,长春市,哈尔滨市,217.47,2005.0,road
1790,河源市,梅州市,189.0,2005.0,road
1791,桂林市,贺州市,102.1,2005.0,road
1792,天津市,沧州市,94.72,2005.0,road
1793,延安市,吕梁市,404.21,2005.0,road
1794,广安市,重庆市,1297.52,2005.0,road
1795,河池市,柳州市,766.13,2005.0,road
1796,苏州市,嘉兴市,1768.5,2006.0,road
1797,乌海市,包头市,3619.33,2006.0,road
1798,榆林市,鄂尔多斯市,520.68,2006.0,road
1799,鄂尔多斯市,包头市,645.0,2006.0,road
1800,盐城市,泰州市,34.62,2006.0,road
1801,克拉玛依市,乌鲁木齐市,343.77,2006.0,road
1802,克拉玛依市,乌鲁木齐市,276.24,2006.0,road
1803,玉溪市,思茅市,524.46,2006.0,road
1804,西宁市,兰州市,532.03,2006.0,road
1805,成都市,眉山市,21.34,2006.0,road
1806,成都市,德阳市,5.9,2006.0,road
1807,成都市,德阳市,12.4,2006.0,road
1808,成都市,资阳市,11.71,2006.0,road
1809,成都市,德阳市,5.66,2006.0,road
1810,成都市,德阳市,37.21,2006.0,road
1811,白银市,中卫市,224.02,2006.0,road
1812,中卫市,吴忠市,45.23,2006.0,road
1813,榆林市,延安市,10199.18,2006.0,road
1814,西安市,商洛市,1166.97,2006.0,road
1815,渭南市,临汾市,293.4,2006.0,road
1816,北海市,湛江市,30.67,2006.0,road
1817,榆林市,吕梁市,23.9,2006.0,road
1818,洛阳市,焦作市,59.15,2006.0,road
1819,洛阳市,郑州市,68.05,2006.0,road
1820,衡阳市,湘潭市,38.69,2006.0,road
1821,肇庆市,佛山市,23.95,2006.0,road
1822,随州市,孝感市,100.76,2006.0,road
1823,许昌市,开封市,159.96,2006.0,road
1824,信阳市,阜阳市,74.96,2006.0,road
1825,珠海市,深圳市,298.58,2006.0,road
1826,吉安市,赣州市,77.69,2006.0,road
1827,开封市,菏泽市,65.25,2006.0,road
1828,濮阳市,菏泽市,7.94,2006.0,road
1829,河源市,惠州市,20.21,2006.0,road
1830,南昌市,抚州市,81.64,2006.0,road
1831,龙岩市,三明市,73.92,2006.0,road
1832,龙岩市,漳州市,31.72,2006.0,road
1833,南平市,三明市,54.42,2006.0,road
1834,潍坊市,烟台市,826.68,2006.0,road
1835,衢州市,杭州市,345.66,2006.0,road
1836,青岛市,日照市,37.86,2006.0,road
1837,常州市,无锡市,2744.81,2006.0,road
1838,丽水市,台州市,122.43,2006.0,road
1839,苏州市,上海市,101.74,2006.0,road
1840,苏州市,上海市,40.78,2006.0,road
1841,南通市,无锡市,20.58,2006.0,road
1842,南通市,无锡市,56.06,2006.0,road
1843,上海市,苏州市,61.12,2006.0,road
1844,上海市,苏州市,19.15,2006.0,road
1845,上海市,嘉兴市,40.36,2006.0,road
1846,上海市,嘉兴市,12.01,2006.0,road
1847,上海市,嘉兴市,11.88,2006.0,road
1848,上海市,嘉兴市,28.85,2006.0,road
1849,沈阳市,抚顺市,56.53,2006.0,road
1850,孝感市,武汉市,31.24,2006.0,road
1851,信阳市,六安市,101.55,2006.0,road
1852,景德镇市,黄山市,44.49,2006.0,road
1853,上海市,南通市,10.42,2006.0,road
1854,南阳市,平顶山市,168.95,2006.0,road
1855,烟台市,威海市,155.32,2006.0,road
1856,白山市,吉林市,558.81,2006.0,road
1857,邢台市,邯郸市,69.32,2006.0,road
1858,南通市,上海市,55.4,2006.0,road
1859,南平市,福州市,261.53,2006.0,road
1860,鄂尔多斯市,呼和浩特市,971.07,2006.0,road
1861,西宁市,兰州市,167.83,2006.0,road
1862,开封市,菏泽市,39.08,2006.0,road
1863,襄樊市,随州市,171.76,2006.0,road
1864,孝感市,武汉市,18.9,2006.0,road
1865,常州市,无锡市,37.61,2006.0,road
1866,南充市,广安市,66.23,2006.0,road
1867,邢台市,聊城市,98.91,2006.0,road
1868,商丘市,蚌埠市,609.22,2007.0,road
1869,开封市,濮阳市,336.76,2007.0,road
1870,开封市,郑州市,73.34,2007.0,road
1871,玉溪市,思茅市,171.66,2007.0,road
1872,重庆市,达州市,216.16,2007.0,road
1873,重庆市,达州市,52.48,2007.0,road
1874,重庆市,达州市,52.42,2007.0,road
1875,柳州市,来宾市,52.96,2007.0,road
1876,桂林市,柳州市,21.32,2007.0,road
1877,桂林市,柳州市,188.28,2007.0,road
1878,桂林市,柳州市,9.39,2007.0,road
1879,桂林市,柳州市,61.31,2007.0,road
1880,梧州市,玉林市,100.8,2007.0,road
1881,襄樊市,南阳市,116.04,2007.0,road
1882,衡阳市,湘潭市,127.23,2007.0,road
1883,乌兰察布市,大同市,68.51,2007.0,road
1884,乌兰察布市,呼和浩特市,127.96,2007.0,road
1885,平顶山市,许昌市,35.25,2007.0,road
1886,长沙市,株洲市,98.2,2007.0,road
1887,长沙市,株洲市,15.98,2007.0,road
1888,江门市,中山市,31.53,2007.0,road
1889,张家口市,乌兰察布市,197.43,2007.0,road
1890,张家口市,乌兰察布市,410.55,2007.0,road
1891,石家庄市,济南市,253.37,2007.0,road
1892,周口市,漯河市,13.74,2007.0,road
1893,周口市,商丘市,221.73,2007.0,road
1894,周口市,驻马店市,204.09,2007.0,road
1895,濮阳市,安阳市,124.35,2007.0,road
1896,信阳市,孝感市,588.63,2007.0,road
1897,商丘市,毫州市,25.1,2007.0,road
1898,阜阳市,合肥市,263.38,2007.0,road
1899,呼伦贝尔市,齐齐哈尔市,282.2,2007.0,road
1900,北京市,廊坊市,58.62,2007.0,road
1901,蚌埠市,南京市,193.04,2007.0,road
1902,滨州市,东营市,20.02,2007.0,road
1903,赤峰市,朝阳市,175.0,2007.0,road
1904,赤峰市,朝阳市,12.53,2007.0,road
1905,赤峰市,通辽市,383.95,2007.0,road
1906,景德镇市,黄山市,50.28,2007.0,road
1907,景德镇市,黄山市,36.78,2007.0,road
1908,三明市,南平市,12.86,2007.0,road
1909,三明市,南平市,608.13,2007.0,road
1910,连云港市,盐城市,707.64,2007.0,road
1911,镇江市,扬州市,122.42,2007.0,road
1912,镇江市,常州市,165.79,2007.0,road
1913,衢州市,丽水市,264.34,2007.0,road
1914,湖州市,苏州市,55.62,2007.0,road
1915,湖州市,嘉兴市,75.25,2007.0,road
1916,上海市,嘉兴市,20.37,2007.0,road
1917,嘉兴市,上海市,56.37,2007.0,road
1918,上海市,嘉兴市,17.25,2007.0,road
1919,上海市,舟山市,47.55,2007.0,road
1920,哈尔滨市,大庆市,70.66,2007.0,road
1921,哈尔滨市,大庆市,17.4,2007.0,road
1922,哈尔滨市,大庆市,18.52,2007.0,road
1923,哈尔滨市,大庆市,95.77,2007.0,road
1924,洛阳市,平顶山市,66.54,2007.0,road
1925,乌鲁木齐市,克拉玛依市,1269.91,2007.0,road
1926,乌鲁木齐市,嘉峪关市,4636.06,2007.0,road
1927,菏泽市,濮阳市,68.27,2007.0,road
1928,滨州市,东营市,17.66,2007.0,road
1929,金华市,衢州市,21.54,2007.0,road
1930,长治市,安阳市,73.59,2007.0,road
1931,开封市,周口市,899.85,2007.0,road
1932,丽水市,金华市,134.73,2007.0,road
1933,南阳市,信阳市,179.93,2007.0,road
1934,广安市,达州市,18.09,2008.0,road
1935,安庆市,芜湖市,247.71,2008.0,road
1936,阜新市,沈阳市,90.27,2008.0,road
1937,乌鲁木齐市,克拉玛依市,1080.91,2008.0,road
1938,保山市,丽江市,429.76,2008.0,road
1939,丽江市,攀枝花市,1708.49,2008.0,road
1940,玉溪市,昆明市,828.77,2008.0,road
1941,遂宁市,广安市,179.03,2008.0,road
1942,广元市,西安市,501.55,2008.0,road
1943,泸州市,广安市,101.19,2008.0,road
1944,广安市,达州市,16.75,2008.0,road
1945,贵阳市,邵阳市,532.76,2008.0,road
1946,广安市,重庆市,65.47,2008.0,road
1947,桂林市,永州市,266.68,2008.0,road
1948,吕梁市,太原市,147.01,2008.0,road
1949,宜昌市,荆门市,66.16,2008.0,road
1950,永州市,邵阳市,25.5,2008.0,road
1951,中山市,珠海市,413.62,2008.0,road
1952,珠海市,中山市,26.46,2008.0,road
1953,赣州市,韶关市,89.22,2008.0,road
1954,保定市,沧州市,111.98,2008.0,road
1955,新余市,吉安市,46.83,2008.0,road
1956,济宁市,济南市,276.0,2008.0,road
1957,北京市,唐山市,91.17,2008.0,road
1958,抚州市,南平市,342.22,2008.0,road
1959,济南市,莱芜市,71.48,2008.0,road
1960,天津市,唐山市,1177.53,2008.0,road
1961,沧州市,滨州市,47.67,2008.0,road
1962,安庆市,池州市,10.46,2008.0,road
1963,鹰潭市,景德镇市,2018.54,2008.0,road
1964,景德镇市,池州市,1045.49,2008.0,road
1965,莱芜市,青岛市,218.5,2008.0,road
1966,唐山市,秦皇岛市,395.39,2008.0,road
1967,淮安市,宿迁市,28.88,2008.0,road
1968,淮安市,宿迁市,42.95,2008.0,road
1969,连云港市,日照市,910.59,2008.0,road
1970,连云港市,淮安市,29.2,2008.0,road
1971,淮安市,宿迁市,37.09,2008.0,road
1972,马鞍山市,常州市,37.36,2008.0,road
1973,潍坊市,青岛市,37.88,2008.0,road
1974,青岛市,潍坊市,36.33,2008.0,road
1975,嘉兴市,宁波市,162.59,2008.0,road
1976,辽源市,白山市,376.56,2008.0,road
1977,昭通市,宜宾市,425.38,2008.0,road
1978,榆林市,吕梁市,181.53,2008.0,road
1979,铜陵市,黄山市,3325.13,2008.0,road
1980,克拉玛依市,乌鲁木齐市,36.4,2008.0,road
1981,张家口市,赤峰市,318.32,2008.0,road
1982,赤峰市,通辽市,296.26,2008.0,road
1983,通辽市,白城市,5337.77,2008.0,road
1984,白城市,齐齐哈尔市,24925.03,2008.0,road
1985,嘉兴市,绍兴市,26.09,2008.0,road
1986,淮安市,盐城市,24.18,2008.0,road
1987,唐山市,秦皇岛市,63.8,2008.0,road
1988,中卫市,平凉市,347.85,2009.0,road
1989,宁德市,丽水市,238.9,2009.0,road
1990,南充市,广安市,1117.17,2009.0,road
1991,洛阳市,晋城市,221.06,2009.0,road
1992,黄石市,新余市,4006.63,2009.0,road
1993,乌鲁木齐市,克拉玛依市,242.93,2009.0,road
1994,丽江市,雅安市,2680.91,2009.0,road
1995,眉山市,成都市,136.81,2009.0,road
1996,遵义市,贵阳市,246.11,2009.0,road
1997,克拉玛依市,乌鲁木齐市,27.55,2009.0,road
1998,天水市,平凉市,95.52,2009.0,road
1999,思茅市,玉溪市,1221.29,2009.0,road
2000,包头市,鄂尔多斯市,2791.85,2009.0,road
2001,昆明市,玉溪市,661.27,2009.0,road
2002,太原市,忻州市,1283.69,2009.0,road
2003,昆明市,昭通市,4055.39,2009.0,road
2004,安庆市,池州市,31.36,2009.0,road
2005,玉溪市,南宁市,579.59,2009.0,road
2006,齐齐哈尔市,大庆市,115.51,2009.0,road
2007,南充市,遂宁市,77.07,2009.0,road
2008,南充市,广安市,39.12,2009.0,road
2009,中卫市,吴忠市,170.84,2009.0,road
2010,广安市,泸州市,8.67,2009.0,road
2011,广安市,遂宁市,30.07,2009.0,road
2012,泸州市,广安市,95.75,2009.0,road
2013,泸州市,广安市,7.47,2009.0,road
2014,泸州市,广安市,1071.26,2009.0,road
2015,广安市,遂宁市,9.34,2009.0,road
2016,广安市,达州市,11.1,2009.0,road
2017,庆阳市,咸阳市,179.94,2009.0,road
2018,南宁市,玉林市,146.77,2009.0,road
2019,咸阳市,西安市,20.29,2009.0,road
2020,西安市,南阳市,357.52,2009.0,road
2021,柳州市,桂林市,116.46,2009.0,road
2022,运城市,三门峡市,34.07,2009.0,road
2023,宜昌市,荆门市,86.02,2009.0,road
2024,常德市,益阳市,31.15,2009.0,road
2025,常德市,益阳市,15.52,2009.0,road
2026,常德市,荆州市,1648.36,2009.0,road
2027,南阳市,平顶山市,266.18,2009.0,road
2028,南阳市,襄樊市,26.32,2009.0,road
2029,平顶山市,许昌市,59.4,2009.0,road
2030,晋城市,焦作市,54.85,2009.0,road
2031,南阳市,襄樊市,10.93,2009.0,road
2032,湘潭市,株洲市,8.56,2009.0,road
2033,大同市,乌兰察布市,945.92,2009.0,road
2034,焦作市,郑州市,132.64,2009.0,road
2035,郑州市,洛阳市,37.97,2009.0,road
2036,长沙市,株洲市,53.09,2009.0,road
2037,郑州市,许昌市,40.16,2009.0,road
2038,焦作市,晋城市,22.28,2009.0,road
2039,衡阳市,萍乡市,56.67,2009.0,road
2040,平顶山市,许昌市,103.69,2009.0,road
2041,衡阳市,萍乡市,34.98,2009.0,road
2042,焦作市,新乡市,68.79,2009.0,road
2043,孝感市,随州市,2000.0,2009.0,road
2044,江门市,珠海市,47.92,2009.0,road
2045,平顶山市,漯河市,67.73,2009.0,road
2046,驻马店市,信阳市,46.65,2009.0,road
2047,驻马店市,信阳市,62.19,2009.0,road
2048,许昌市,漯河市,11.01,2009.0,road
2049,新乡市,开封市,57.53,2009.0,road
2050,许昌市,周口市,46.17,2009.0,road
2051,石家庄市,保定市,178.03,2009.0,road
2052,驻马店市,周口市,71.42,2009.0,road
2053,周口市,毫州市,56.78,2009.0,road
2054,驻马店市,信阳市,214.73,2009.0,road
2055,周口市,毫州市,71.67,2009.0,road
2056,张家口市,北京市,32.09,2009.0,road
2057,保定市,廊坊市,31.5,2009.0,road
2058,廊坊市,北京市,23.08,2009.0,road
2059,菏泽市,商丘市,341.92,2009.0,road
2060,廊坊市,北京市,52.85,2009.0,road
2061,北京市,承德市,233.77,2009.0,road
2062,南昌市,九江市,31.89,2009.0,road
2063,南昌市,抚州市,39.75,2009.0,road
2064,北京市,廊坊市,53.23,2009.0,road
2065,天津市,廊坊市,40.3,2009.0,road
2066,天津市,廊坊市,49.87,2009.0,road
2067,廊坊市,天津市,23.7,2009.0,road
2068,天津市,廊坊市,6.5,2009.0,road
2069,六安市,安庆市,3491.07,2009.0,road
2070,天津市,沧州市,46.9,2009.0,road
2071,沧州市,滨州市,40.47,2009.0,road
2072,天津市,唐山市,46.59,2009.0,road
2073,安庆市,景德镇市,87.93,2009.0,road
2074,龙岩市,梅州市,51.83,2009.0,road
2075,景德镇市,鹰潭市,22.97,2009.0,road
2076,唐山市,天津市,33.57,2009.0,road
2077,唐山市,天津市,24.87,2009.0,road
2078,三明市,南平市,52.76,2009.0,road
2079,东营市,潍坊市,101.66,2009.0,road
2080,南平市,三明市,2132.93,2009.0,road
2081,南平市,上饶市,103.54,2009.0,road
2082,南平市,三明市,45.28,2009.0,road
2083,南平市,三明市,23.17,2009.0,road
2084,朝阳市,阜新市,143.37,2009.0,road
2085,扬州市,泰州市,142.21,2009.0,road
2086,阜新市,沈阳市,90.3,2009.0,road
2087,大连市,威海市,92.55,2009.0,road
2088,盐城市,泰州市,38.59,2009.0,road
2089,嘉兴市,苏州市,32.88,2009.0,road
2090,杭州市,嘉兴市,55.83,2009.0,road
2091,金华市,丽水市,80.56,2009.0,road
2092,营口市,盘锦市,61.48,2009.0,road
2093,阜新市,铁岭市,87.28,2009.0,road
2094,嘉兴市,上海市,38.69,2009.0,road
2095,上海市,苏州市,23.93,2009.0,road
2096,上海市,苏州市,29.79,2009.0,road
2097,宁波市,舟山市,47.09,2009.0,road
2098,鞍山市,本溪市,75.2,2009.0,road
2099,铁岭市,四平市,95.7,2009.0,road
2100,上海市,嘉兴市,396.0,2009.0,road
2101,宁波市,舟山市,90.68,2009.0,road
2102,抚顺市,铁岭市,41.2,2009.0,road
2103,哈尔滨市,大庆市,24.59,2009.0,road
2104,吉林市,牡丹江市,379.79,2009.0,road
2105,牡丹江市,鸡西市,17.24,2009.0,road
2106,安阳市,濮阳市,57.14,2009.0,road
2107,怀化市,常德市,234.64,2009.0,road
2108,洛阳市,平顶山市,254.69,2009.0,road
2109,许昌市,郑州市,122.18,2009.0,road
2110,许昌市,漯河市,59.68,2009.0,road
2111,滨州市,东营市,78.84,2009.0,road
2112,衢州市,上饶市,3694.64,2009.0,road
2113,铁岭市,抚顺市,79.09,2009.0,road
2114,绍兴市,金华市,45.67,2009.0,road
2115,达州市,巴中市,46.51,2010.0,road
2116,盐城市,泰州市,21.83,2010.0,road
2117,贵阳市,遵义市,123.35,2010.0,road
2118,成都市,德阳市,215.77,2010.0,road
2119,邵阳市,永州市,132.31,2010.0,road
2120,衡阳市,郴州市,65.2,2010.0,road
2121,唐山市,天津市,31.04,2010.0,road
2122,湖州市,嘉兴市,40.29,2010.0,road
2123,杭州市,嘉兴市,85.38,2010.0,road
2124,辽阳市,鞍山市,54.2,2010.0,road
2125,玉溪市,思茅市,383.63,2010.0,road
2126,兰州市,白银市,39.24,2010.0,road
2127,商洛市,十堰市,174.17,2010.0,road
2128,临汾市,晋城市,121.78,2010.0,road
2129,岳阳市,咸宁市,3633.96,2010.0,road
2130,信阳市,随州市,457.45,2010.0,road
2131,武汉市,黄冈市,102.61,2010.0,road
2132,武汉市,黄冈市,53.58,2010.0,road
2133,黄冈市,鄂州市,80.43,2010.0,road
2134,赣州市,吉安市,36.57,2010.0,road
2135,赣州市,龙岩市,139.83,2010.0,road
2136,阜阳市,淮南市,49.21,2010.0,road
2137,阜阳市,六安市,267.43,2010.0,road
2138,思茅市,临沧市,1463.83,2010.0,road
2139,保定市,北京市,127.66,2010.0,road
2140,黑河市,伊春市,13899.58,2010.0,road
2141,齐齐哈尔市,大庆市,111.51,2010.0,road
2142,齐齐哈尔市,大庆市,209.02,2010.0,road
2143,佳木斯市,七台河市,122.99,2010.0,road
2144,克拉玛依市,乌鲁木齐市,75.74,2010.0,road
2145,克拉玛依市,乌鲁木齐市,53.9,2010.0,road
2146,安康市,商洛市,797.13,2010.0,road
2147,定西市,天水市,106.5,2011.0,road
2148,金昌市,武威市,68.66,2011.0,road
2149,乐山市,宜宾市,179.12,2011.0,road
2150,广元市,巴中市,120.44,2011.0,road
2151,银川市,石嘴山市,102.85,2011.0,road
2152,渭南市,西安市,135.18,2011.0,road
2153,海口市,湛江市,6521.51,2011.0,road
2154,榆林市,太原市,208.52,2011.0,road
2155,吕梁市,晋中市,24.73,2011.0,road
2156,阳江市,茂名市,37.05,2011.0,road
2157,宿州市,宿迁市,95.94,2011.0,road
2158,承德市,朝阳市,278.71,2011.0,road
2159,攀枝花市,昆明市,1044.19,2011.0,road
2160,武威市,兰州市,779.24,2011.0,road
2161,定西市,平凉市,165.78,2011.0,road
2162,吴忠市,银川市,92.0,2011.0,road
2163,重庆市,达州市,104.66,2011.0,road
2164,阳江市,茂名市,19.14,2011.0,road
2165,荆门市,孝感市,91.09,2011.0,road
2166,贺州市,郴州市,65.11,2011.0,road
2167,衡阳市,湘潭市,462.89,2011.0,road
2168,肇庆市,佛山市,58.55,2011.0,road
2169,孝感市,武汉市,94.68,2011.0,road
2170,黄石市,鄂州市,244.83,2011.0,road
2171,黄石市,黄冈市,781.64,2011.0,road
2172,黄冈市,黄石市,64.89,2011.0,road
2173,商丘市,毫州市,71.12,2011.0,road
2174,梅州市,龙岩市,1941.91,2011.0,road
2175,龙岩市,三明市,127.75,2011.0,road
2176,黄山市,衢州市,73.86,2011.0,road
2177,黄山市,宣城市,188.45,2011.0,road
2178,绍兴市,杭州市,19.99,2011.0,road
2179,丽水市,温州市,81.97,2011.0,road
2180,威海市,烟台市,45.14,2011.0,road
2181,南通市,上海市,15.3,2011.0,road
2182,南通市,上海市,3.17,2011.0,road
2183,辽源市,长春市,117.01,2011.0,road
2184,辽源市,吉林市,20.29,2011.0,road
2185,通化市,白山市,9.5,2011.0,road
2186,牡丹江市,鸡西市,156.1,2011.0,road
2187,临沧市,保山市,2983.52,2011.0,road
2188,重庆市,宜昌市,79.86,2011.0,road
2189,包头市,鄂尔多斯市,127.24,2011.0,road
2190,张家口市,保定市,616.25,2011.0,road
2191,长春市,吉林市,1939.81,2011.0,road
2192,佳木斯市,双鸭山市,66.85,2011.0,road
2193,鸡西市,七台河市,766.1,2011.0,road
2194,保定市,石家庄市,41.71,2011.0,road
2195,哈尔滨市,伊春市,783.38,2011.0,road
2196,佳木斯市,七台河市,157.02,2011.0,road
2197,鸡西市,七台河市,42.2,2011.0,road
2198,嘉峪关市,酒泉市,199.62,2012.0,road
2199,上饶市,衢州市,41.24,2012.0,road
2200,汉中市,安康市,174.79,2012.0,road
2201,庆阳市,延安市,1168.34,2012.0,road
2202,延安市,临汾市,190.57,2012.0,road
2203,梧州市,肇庆市,99.83,2012.0,road
2204,吉安市,赣州市,152.72,2012.0,road
2205,赣州市,抚州市,358.58,2012.0,road
2206,承德市,唐山市,1419.07,2012.0,road
2207,抚州市,鹰潭市,1167.24,2012.0,road
2208,克拉玛依市,乌鲁木齐市,542.91,2012.0,road
2209,保山市,丽江市,64.08,2012.0,road
2210,嘉峪关市,酒泉市,1314.27,2012.0,road
2211,嘉峪关市,酒泉市,347.0,2012.0,road
2212,嘉峪关市,西宁市,584.85,2012.0,road
2213,定西市,兰州市,630.17,2012.0,road
2214,定西市,天水市,126.3,2012.0,road
2215,平凉市,庆阳市,142.79,2012.0,road
2216,平凉市,宝鸡市,110.31,2012.0,road
2217,贺州市,永州市,90.74,2012.0,road
2218,忻州市,保定市,233.48,2012.0,road
2219,岳阳市,黄石市,177.51,2012.0,road
2220,随州市,孝感市,75.45,2012.0,road
2221,黄石市,九江市,117.3,2012.0,road
2222,毫州市,宿州市,100.06,2012.0,road
2223,承德市,秦皇岛市,66.16,2012.0,road
2224,通辽市,阜新市,336.58,2012.0,road
2225,鞍山市,丹东市,149.18,2012.0,road
2226,辽源市,吉林市,316.14,2012.0,road
2227,克拉玛依市,乌鲁木齐市,2250.33,2012.0,road
2228,克拉玛依市,乌鲁木齐市,1113.07,2012.0,road
2229,乌鲁木齐市,克拉玛依市,72.12,2012.0,road
2230,乌鲁木齐市,张掖市,2625.38,2012.0,road
2231,玉溪市,昆明市,914.52,2012.0,road
2232,雅安市,乐山市,46.36,2012.0,road
2233,雅安市,眉山市,81.83,2012.0,road
2234,雅安市,眉山市,32.3,2012.0,road
2235,雅安市,乐山市,27.38,2012.0,road
2236,乐山市,眉山市,76.52,2012.0,road
2237,乐山市,眉山市,21.18,2012.0,road
2238,兰州市,定西市,83.11,2012.0,road
2239,眉山市,成都市,73.03,2012.0,road
2240,眉山市,乐山市,32.53,2012.0,road
2241,乐山市,自贡市,110.73,2012.0,road
2242,眉山市,成都市,34.32,2012.0,road
2243,眉山市,成都市,35.7,2012.0,road
2244,眉山市,资阳市,32.31,2012.0,road
2245,成都市,德阳市,90.0,2012.0,road
2246,成都市,眉山市,63.67,2012.0,road
2247,德阳市,绵阳市,5.77,2012.0,road
2248,德阳市,绵阳市,34.01,2012.0,road
2249,德阳市,绵阳市,43.53,2012.0,road
2250,曲靖市,昭通市,275.87,2012.0,road
2251,眉山市,资阳市,30.05,2012.0,road
2252,宜宾市,泸州市,91.52,2012.0,road
2253,成都市,绵阳市,146.86,2012.0,road
2254,曲靖市,百色市,20.16,2012.0,road
2255,定西市,天水市,47.99,2012.0,road
2256,绵阳市,德阳市,52.85,2012.0,road
2257,曲靖市,百色市,252.99,2012.0,road
2258,曲靖市,贵阳市,153.31,2012.0,road
2259,内江市,遂宁市,163.41,2012.0,road
2260,绵阳市,遂宁市,81.7,2012.0,road
2261,绵阳市,南充市,95.52,2012.0,road
2262,泸州市,内江市,119.04,2012.0,road
2263,百色市,崇左市,84.33,2012.0,road
2264,广元市,巴中市,12.57,2012.0,road
2265,广元市,巴中市,1022.87,2012.0,road
2266,广元市,巴中市,40.0,2012.0,road
2267,南充市,遂宁市,97.4,2012.0,road
2268,南充市,广安市,26.31,2012.0,road
2269,南充市,巴中市,126.36,2012.0,road
2270,陇南市,汉中市,146.28,2012.0,road
2271,银川市,石嘴山市,292.76,2012.0,road
2272,南充市,广安市,17.28,2012.0,road
2273,吴忠市,银川市,21.02,2012.0,road
2274,泸州市,广安市,35.91,2012.0,road
2275,遵义市,贵阳市,32.51,2012.0,road
2276,银川市,吴忠市,14.85,2012.0,road
2277,贵阳市,遵义市,19.18,2012.0,road
2278,遵义市,贵阳市,25.55,2012.0,road
2279,贵阳市,遵义市,20.59,2012.0,road
2280,泸州市,广安市,62.25,2012.0,road
2281,广安市,泸州市,17.69,2012.0,road
2282,贵阳市,遵义市,34.12,2012.0,road
2283,吴忠市,银川市,454.81,2012.0,road
2284,吴忠市,银川市,43.99,2012.0,road
2285,银川市,吴忠市,16.61,2012.0,road
2286,石嘴山市,乌海市,29.35,2012.0,road
2287,贵阳市,遵义市,115.18,2012.0,road
2288,广安市,泸州市,21.31,2012.0,road
2289,遵义市,贵阳市,45.99,2012.0,road
2290,吴忠市,固原市,53.49,2012.0,road
2291,乌海市,鄂尔多斯市,309.7,2012.0,road
2292,河池市,贵阳市,38.93,2012.0,road
2293,广安市,重庆市,150.41,2012.0,road
2294,广安市,怀化市,888.34,2012.0,road
2295,广安市,重庆市,5.11,2012.0,road
2296,贵阳市,桂林市,182.79,2012.0,road
2297,广安市,重庆市,38.05,2012.0,road
2298,达州市,重庆市,50.91,2012.0,road
2299,达州市,安康市,281.07,2012.0,road
2300,钦州市,防城港市,27.75,2012.0,road
2301,钦州市,南宁市,1191.17,2012.0,road
2302,重庆市,宜昌市,269.06,2012.0,road
2303,怀化市,张家界市,236.6,2012.0,road
2304,安康市,十堰市,76.24,2012.0,road
2305,桂林市,怀化市,105.67,2012.0,road
2306,桂林市,柳州市,38.74,2012.0,road
2307,安康市,十堰市,107.91,2012.0,road
2308,贵港市,玉林市,52.06,2012.0,road
2309,重庆市,安康市,65.66,2012.0,road
2310,重庆市,宜昌市,68.31,2012.0,road
2311,渭南市,商洛市,690.84,2012.0,road
2312,怀化市,张家界市,195.02,2012.0,road
2313,怀化市,邵阳市,58.7,2012.0,road
2314,榆林市,忻州市,337.37,2012.0,road
2315,榆林市,吕梁市,71.65,2012.0,road
2316,海口市,湛江市,154.73,2012.0,road
2317,怀化市,娄底市,169.85,2012.0,road
2318,运城市,三门峡市,448.85,2012.0,road
2319,三门峡市,运城市,134.92,2012.0,road
2320,三门峡市,运城市,65.58,2012.0,road
2321,三门峡市,洛阳市,148.51,2012.0,road
2322,运城市,洛阳市,142.12,2012.0,road
2323,呼和浩特市,乌兰察布市,28.69,2012.0,road
2324,贺州市,梧州市,21.75,2012.0,road
2325,呼和浩特市,乌兰察布市,43.61,2012.0,road
2326,梧州市,贺州市,1962.84,2012.0,road
2327,南阳市,洛阳市,207.0,2012.0,road
2328,邵阳市,衡阳市,107.43,2012.0,road
2329,永州市,郴州市,138.33,2012.0,road
2330,常德市,岳阳市,194.48,2012.0,road
2331,太原市,晋中市,50.38,2012.0,road
2332,呼和浩特市,大同市,121.38,2012.0,road
2333,晋中市,太原市,54.53,2012.0,road
2334,襄樊市,随州市,126.15,2012.0,road
2335,乌兰察布市,呼和浩特市,160.99,2012.0,road
2336,太原市,晋中市,14.82,2012.0,road
2337,太原市,晋中市,95.8,2012.0,road
2338,太原市,晋中市,10.92,2012.0,road
2339,南阳市,平顶山市,40.62,2012.0,road
2340,太原市,晋中市,7.91,2012.0,road
2341,晋中市,太原市,44.96,2012.0,road
2342,太原市,阳泉市,110.76,2012.0,road
2343,太原市,晋中市,11.04,2012.0,road
2344,晋中市,太原市,10.91,2012.0,road
2345,晋中市,太原市,55.01,2012.0,road
2346,晋中市,太原市,17.7,2012.0,road
2347,朔州市,大同市,61.64,2012.0,road
2348,郴州市,韶关市,3070.04,2012.0,road
2349,晋中市,阳泉市,38.46,2012.0,road
2350,长治市,晋城市,42.84,2012.0,road
2351,乌兰察布市,白城市,4573.11,2012.0,road
2352,长沙市,益阳市,47.59,2012.0,road
2353,长沙市,湘潭市,77.07,2012.0,road
2354,长治市,安阳市,46.81,2012.0,road
2355,大同市,张家口市,345.82,2012.0,road
2356,大同市,朔州市,390.69,2012.0,road
2357,大同市,张家口市,89.38,2012.0,road
2358,大同市,保定市,108.14,2012.0,road
2359,郑州市,焦作市,12.83,2012.0,road
2360,郑州市,许昌市,9.78,2012.0,road
2361,平顶山市,漯河市,1276.64,2012.0,road
2362,株洲市,长沙市,90.93,2012.0,road
2363,郑州市,开封市,13.51,2012.0,road
2364,阳泉市,石家庄市,212.85,2012.0,road
2365,岳阳市,武汉市,125.87,2012.0,road
2366,长沙市,岳阳市,330.08,2012.0,road
2367,株洲市,萍乡市,72.34,2012.0,road
2368,郑州市,开封市,75.73,2012.0,road
2369,郑州市,开封市,71.13,2012.0,road
2370,株洲市,南昌市,178.07,2012.0,road
2371,广州市,东莞市,21.51,2012.0,road
2372,石家庄市,阳泉市,18.7,2012.0,road
2373,石家庄市,阳泉市,10.7,2012.0,road
2374,东莞市,河源市,118.06,2012.0,road
2375,张家口市,乌兰察布市,83.82,2012.0,road
2376,邢台市,邯郸市,8.85,2012.0,road
2377,保定市,北京市,101.77,2012.0,road
2378,张家口市,大同市,24.18,2012.0,road
2379,咸宁市,黄石市,84.56,2012.0,road
2380,开封市,郑州市,10.66,2012.0,road
2381,张家口市,北京市,58.43,2012.0,road
2382,开封市,商丘市,23.71,2012.0,road
2383,驻马店市,阜阳市,44.1,2012.0,road
2384,濮阳市,菏泽市,59.87,2012.0,road
2385,张家口市,北京市,31.99,2012.0,road
2386,邯郸市,邢台市,112.35,2012.0,road
2387,邯郸市,濮阳市,89.55,2012.0,road
2388,保定市,廊坊市,31.28,2012.0,road
2389,信阳市,六安市,107.14,2012.0,road
2390,衡水市,德州市,142.33,2012.0,road
2391,邢台市,衡水市,72.75,2012.0,road
2392,黄冈市,六安市,146.87,2012.0,road
2393,咸宁市,九江市,82.27,2012.0,road
2394,南昌市,新余市,39.04,2012.0,road
2395,衡水市,保定市,495.32,2012.0,road
2396,吉安市,抚州市,191.18,2012.0,road
2397,保定市,廊坊市,117.89,2012.0,road
2398,南昌市,抚州市,33.85,2012.0,road
2399,廊坊市,保定市,75.7,2012.0,road
2400,廊坊市,天津市,19.83,2012.0,road
2401,德州市,滨州市,140.06,2012.0,road
2402,济宁市,菏泽市,29.06,2012.0,road
2403,廊坊市,天津市,29.02,2012.0,road
2404,天津市,沧州市,226.36,2012.0,road
2405,赣州市,龙岩市,779.08,2012.0,road
2406,济宁市,徐州市,91.94,2012.0,road
2407,南昌市,鹰潭市,81.52,2012.0,road
2408,梅州市,揭阳市,36.07,2012.0,road
2409,济南市,泰安市,43.72,2012.0,road
2410,天津市,廊坊市,25.33,2012.0,road
2411,九江市,安庆市,66.76,2012.0,road
2412,赣州市,三明市,114.75,2012.0,road
2413,梅州市,龙岩市,271.25,2012.0,road
2414,天津市,唐山市,21.11,2012.0,road
2415,济南市,泰安市,10.33,2012.0,road
2416,天津市,沧州市,741.55,2012.0,road
2417,天津市,唐山市,17.03,2012.0,road
2418,唐山市,天津市,269.78,2012.0,road
2419,天津市,唐山市,17.18,2012.0,road
2420,沧州市,滨州市,27.87,2012.0,road
2421,鹰潭市,上饶市,133.23,2012.0,road
2422,唐山市,秦皇岛市,39.93,2012.0,road
2423,南平市,上饶市,100.2,2012.0,road
2424,承德市,秦皇岛市,52.36,2012.0,road
2425,三明市,南平市,71.95,2012.0,road
2426,三明市,龙岩市,18.24,2012.0,road
2427,三明市,泉州市,200.22,2012.0,road
2428,赤峰市,朝阳市,145.36,2012.0,road
2429,上饶市,南平市,864.55,2012.0,road
2430,淄博市,潍坊市,351.44,2012.0,road
2431,滁州市,南京市,11.08,2012.0,road
2432,南平市,宁德市,188.07,2012.0,road
2433,呼伦贝尔市,齐齐哈尔市,277.28,2012.0,road
2434,南京市,马鞍山市,9.66,2012.0,road
2435,厦门市,泉州市,516.83,2012.0,road
2436,马鞍山市,常州市,33.42,2012.0,road
2437,潍坊市,青岛市,37.54,2012.0,road
2438,常州市,无锡市,45.24,2012.0,road
2439,青岛市,日照市,16.6,2012.0,road
2440,青岛市,潍坊市,13.59,2012.0,road
2441,扬州市,泰州市,50.43,2012.0,road
2442,镇江市,泰州市,85.16,2012.0,road
2443,青岛市,日照市,28.46,2012.0,road
2444,青岛市,潍坊市,21.43,2012.0,road
2445,常州市,无锡市,97.41,2012.0,road
2446,常州市,无锡市,37.54,2012.0,road
2447,福州市,宁德市,33.24,2012.0,road
2448,湖州市,杭州市,1104.78,2012.0,road
2449,莆田市,福州市,47.1,2012.0,road
2450,泰州市,南通市,46.09,2012.0,road
2451,大连市,营口市,32.23,2012.0,road
2452,无锡市,南通市,51.6,2012.0,road
2453,通辽市,四平市,115.14,2012.0,road
2454,无锡市,南通市,77.38,2012.0,road
2455,嘉兴市,湖州市,25.14,2012.0,road
2456,南通市,无锡市,18.4,2012.0,road
2457,大连市,营口市,27.26,2012.0,road
2458,嘉兴市,上海市,36.72,2012.0,road
2459,营口市,丹东市,90.99,2012.0,road
2460,温州市,丽水市,7.06,2012.0,road
2461,辽阳市,沈阳市,185.84,2012.0,road
2462,温州市,台州市,11.18,2012.0,road
2463,上海市,嘉兴市,23.77,2012.0,road
2464,齐齐哈尔市,大庆市,147.01,2012.0,road
2465,上海市,南通市,2176.45,2012.0,road
2466,四平市,通辽市,2746.41,2012.0,road
2467,四平市,长春市,449.6,2012.0,road
2468,宁波市,舟山市,237.75,2012.0,road
2469,宁波市,舟山市,171.74,2012.0,road
2470,铁岭市,抚顺市,15.5,2012.0,road
2471,宁波市,舟山市,24.58,2012.0,road
2472,长春市,大庆市,6144.25,2012.0,road
2473,抚顺市,辽源市,194.53,2012.0,road
2474,辽源市,四平市,232.11,2012.0,road
2475,伊春市,鹤岗市,152.71,2012.0,road
2476,伊春市,哈尔滨市,515.97,2012.0,road
2477,牡丹江市,鸡西市,133.83,2012.0,road
2478,牡丹江市,鸡西市,6.5,2012.0,road
2479,鸡西市,牡丹江市,28.93,2012.0,road
2480,鸡西市,七台河市,36871.92,2012.0,road
2481,昭通市,贵阳市,189.32,2012.0,road
2482,曲靖市,贵阳市,388.79,2012.0,road
2483,运城市,临汾市,73.91,2012.0,road
2484,郴州市,永州市,36.71,2012.0,road
2485,郴州市,韶关市,63.69,2012.0,road
2486,韶关市,赣州市,119.13,2012.0,road
2487,新余市,南昌市,51.3,2012.0,road
2488,泉州市,莆田市,72.45,2012.0,road
2489,南平市,宁德市,73.15,2012.0,road
2490,烟台市,威海市,59.95,2012.0,road
2491,台州市,温州市,36.21,2012.0,road
2492,贵阳市,遵义市,33.55,2012.0,road
2493,泉州市,莆田市,32.96,2012.0,road
2494,莆田市,泉州市,33.17,2012.0,road
2495,永州市,郴州市,53.49,2012.0,road
2496,鄂尔多斯市,朔州市,110.02,2012.0,road
2497,赣州市,龙岩市,24.89,2012.0,road
2498,成都市,资阳市,28.85,2012.0,road
2499,眉山市,资阳市,45.34,2012.0,road
2500,贺州市,梧州市,68.35,2012.0,road
2501,郴州市,韶关市,64.58,2012.0,road
2502,通辽市,四平市,169.2,2012.0,road
2503,白城市,长春市,326.34,2012.0,road
2504,运城市,临汾市,58.43,2012.0,road
2505,郴州市,赣州市,138.18,2012.0,road
2506,嘉峪关市,张掖市,122.16,2013.0,road
2507,昭通市,贵阳市,31.24,2013.0,road
2508,绍兴市,杭州市,115.57,2013.0,road
2509,贵阳市,遵义市,113.65,2013.0,road
2510,崇左市,钦州市,128.63,2013.0,road
2511,晋中市,太原市,83.18,2013.0,road
2512,晋城市,新乡市,48.24,2013.0,road
2513,枣庄市,临沂市,96.4,2013.0,road
2514,黑河市,齐齐哈尔市,40340.4,2013.0,road
2515,沈阳市,铁岭市,72.83,2013.0,road
2516,抚顺市,通化市,122.29,2013.0,road
2517,丹东市,通化市,403.06,2013.0,road
2518,玉溪市,昆明市,433.75,2013.0,road
2519,成都市,资阳市,54.06,2013.0,road
2520,绵阳市,德阳市,25.9,2013.0,road
2521,昭通市,贵阳市,10.89,2013.0,road
2522,遂宁市,南充市,4.3,2013.0,road
2523,遂宁市,南充市,8.78,2013.0,road
2524,内江市,遂宁市,48.09,2013.0,road
2525,内江市,广安市,26.38,2013.0,road
2526,百色市,崇左市,9.74,2013.0,road
2527,贵阳市,遵义市,6.84,2013.0,road
2528,广安市,南充市,45.62,2013.0,road
2529,巴中市,汉中市,122.08,2013.0,road
2530,巴中市,达州市,104.42,2013.0,road
2531,遵义市,怀化市,79.92,2013.0,road
2532,遵义市,怀化市,8.51,2013.0,road
2533,咸阳市,西安市,49.16,2013.0,road
2534,咸阳市,西安市,30.05,2013.0,road
2535,咸阳市,西安市,21.21,2013.0,road
2536,怀化市,张家界市,78.74,2013.0,road
2537,咸阳市,西安市,15.85,2013.0,road
2538,咸阳市,西安市,50.16,2013.0,road
2539,咸阳市,西安市,24.33,2013.0,road
2540,西安市,渭南市,8.23,2013.0,road
2541,西安市,渭南市,20.31,2013.0,road
2542,渭南市,西安市,29.26,2013.0,road
2543,渭南市,西安市,91.91,2013.0,road
2544,宜昌市,荆门市,172.7,2013.0,road
2545,运城市,三门峡市,50.05,2013.0,road
2546,邵阳市,娄底市,14.72,2013.0,road
2547,南阳市,襄樊市,66.41,2013.0,road
2548,晋中市,太原市,68.52,2013.0,road
2549,肇庆市,佛山市,25.62,2013.0,road
2550,肇庆市,佛山市,74.13,2013.0,road
2551,长治市,晋城市,21.67,2013.0,road
2552,肇庆市,江门市,42.66,2013.0,road
2553,乌兰察布市,张家口市,65.42,2013.0,road
2554,肇庆市,清远市,51.05,2013.0,road
2555,阳泉市,晋中市,50.66,2013.0,road
2556,晋中市,阳泉市,14.23,2013.0,road
2557,乌兰察布市,张家口市,25.15,2013.0,road
2558,岳阳市,咸宁市,20.26,2013.0,road
2559,江门市,佛山市,27.09,2013.0,road
2560,清远市,广州市,27.58,2013.0,road
2561,阳泉市,石家庄市,43.62,2013.0,road
2562,佛山市,广州市,37.4,2013.0,road
2563,广州市,东莞市,29.89,2013.0,road
2564,清远市,东莞市,719.25,2013.0,road
2565,东莞市,广州市,25.12,2013.0,road
2566,黄冈市,六安市,126.75,2013.0,road
2567,六安市,合肥市,28.67,2013.0,road
2568,淮南市,蚌埠市,39.03,2013.0,road
2569,龙岩市,梅州市,35.94,2013.0,road
2570,承德市,赤峰市,20.67,2013.0,road
2571,龙岩市,漳州市,55.64,2013.0,road
2572,赤峰市,朝阳市,277.55,2013.0,road
2573,赤峰市,朝阳市,15.09,2013.0,road
2574,赤峰市,朝阳市,129.28,2013.0,road
2575,景德镇市,上饶市,47.77,2013.0,road
2576,南平市,三明市,30.77,2013.0,road
2577,泉州市,厦门市,18.11,2013.0,road
2578,南平市,宁德市,131.25,2013.0,road
2579,宣城市,常州市,37.92,2013.0,road
2580,泉州市,厦门市,151.95,2013.0,road
2581,常州市,宣城市,6.25,2013.0,road
2582,阜新市,盘锦市,8.08,2013.0,road
2583,苏州市,上海市,9.43,2013.0,road
2584,苏州市,上海市,20.72,2013.0,road
2585,南通市,上海市,65.55,2013.0,road
2586,苏州市,嘉兴市,23.83,2013.0,road
2587,南通市,泰州市,11.03,2013.0,road
2588,嘉兴市,苏州市,18.94,2013.0,road
2589,嘉兴市,苏州市,5.47,2013.0,road
2590,嘉兴市,苏州市,24.46,2013.0,road
2591,沈阳市,抚顺市,51.52,2013.0,road
2592,沈阳市,辽阳市,26.04,2013.0,road
2593,沈阳市,抚顺市,35.78,2013.0,road
2594,沈阳市,抚顺市,25.11,2013.0,road
2595,沈阳市,抚顺市,10.96,2013.0,road
2596,沈阳市,抚顺市,63.75,2013.0,road
2597,齐齐哈尔市,伊春市,35.71,2013.0,road
2598,辽源市,白山市,14.77,2013.0,road
2599,通化市,白山市,15.46,2013.0,road
2600,吉林市,长春市,17.41,2013.0,road
2601,通化市,白山市,7.6,2013.0,road
2602,通化市,白山市,8.42,2013.0,road
2603,吉林市,长春市,29.32,2013.0,road
2604,遵义市,怀化市,72.01,2013.0,road
2605,克拉玛依市,乌鲁木齐市,364.88,2014.0,road
2606,乌鲁木齐市,克拉玛依市,83.93,2014.0,road
2607,玉溪市,思茅市,21.08,2014.0,road
2608,金昌市,武威市,125.6,2014.0,road
2609,武威市,中卫市,243.17,2014.0,road
2610,贵阳市,曲靖市,33.97,2014.0,road
2611,南充市,广安市,50.74,2014.0,road
2612,防城港市,钦州市,57.36,2014.0,road
2613,遵义市,怀化市,319.42,2014.0,road
2614,遵义市,怀化市,69.72,2014.0,road
2615,张家界市,常德市,156.15,2014.0,road
2616,怀化市,邵阳市,83.75,2014.0,road
2617,呼和浩特市,乌兰察布市,40.96,2014.0,road
2618,呼和浩特市,大同市,40.26,2014.0,road
2619,朔州市,大同市,113.1,2014.0,road
2620,郴州市,韶关市,70.4,2014.0,road
2621,阜阳市,淮南市,65.36,2014.0,road
2622,抚州市,南平市,89.01,2014.0,road
2623,承德市,赤峰市,139.87,2014.0,road
2624,承德市,赤峰市,153.18,2014.0,road
2625,宣城市,芜湖市,441.47,2014.0,road
2626,克拉玛依市,乌鲁木齐市,160.15,2014.0,road
2627,克拉玛依市,乌鲁木齐市,272.63,2014.0,road
2628,克拉玛依市,乌鲁木齐市,405.02,2014.0,road
2629,乌鲁木齐市,克拉玛依市,167.07,2014.0,road
2630,西宁市,兰州市,494.87,2014.0,road
2631,眉山市,自贡市,96.31,2014.0,road
2632,资阳市,遂宁市,49.42,2014.0,road
2633,成都市,资阳市,48.15,2014.0,road
2634,自贡市,泸州市,51.31,2014.0,road
2635,泸州市,宜宾市,43.24,2014.0,road
2636,资阳市,遂宁市,65.59,2014.0,road
2637,遂宁市,南充市,37.26,2014.0,road
2638,吴忠市,中卫市,71.47,2014.0,road
2639,遵义市,贵阳市,72.23,2014.0,road
2640,贵阳市,遵义市,18.64,2014.0,road
2641,遵义市,贵阳市,22.71,2014.0,road
2642,遵义市,贵阳市,40.28,2014.0,road
2643,遵义市,贵阳市,31.8,2014.0,road
2644,广安市,重庆市,41.87,2014.0,road
2645,广安市,重庆市,47.23,2014.0,road
2646,遵义市,贵阳市,92.2,2014.0,road
2647,达州市,重庆市,34.41,2014.0,road
2648,延安市,榆林市,111.7,2014.0,road
2649,重庆市,张家界市,366.13,2014.0,road
2650,铜川市,延安市,1634.34,2014.0,road
2651,榆林市,吕梁市,41.63,2014.0,road
2652,吕梁市,朔州市,522.35,2014.0,road
2653,荆州市,岳阳市,63.9,2014.0,road
2654,朔州市,忻州市,112.6,2014.0,road
2655,朔州市,大同市,78.89,2014.0,road
2656,忻州市,太原市,60.78,2014.0,road
2657,阳泉市,邢台市,725.04,2014.0,road
2658,阳泉市,石家庄市,40.41,2014.0,road
2659,郴州市,韶关市,71.35,2014.0,road
2660,衡阳市,萍乡市,1197.77,2014.0,road
2661,张家口市,承德市,232.98,2014.0,road
2662,北京市,保定市,130.36,2014.0,road
2663,黄石市,咸宁市,19.11,2014.0,road
2664,赤峰市,承德市,72.61,2014.0,road
2665,景德镇市,黄山市,118.23,2014.0,road
2666,唐山市,秦皇岛市,596.74,2014.0,road
2667,龙岩市,泉州市,87.54,2014.0,road
2668,马鞍山市,芜湖市,26.24,2014.0,road
2669,漳州市,厦门市,57.29,2014.0,road
2670,宁德市,福州市,105.14,2014.0,road
2671,阜新市,盘锦市,86.58,2014.0,road
2672,铁岭市,辽源市,146.98,2014.0,road
2673,十堰市,襄樊市,1953.96,2014.0,road
2674,三门峡市,商洛市,47.14,2014.0,road
2675,衡阳市,吉安市,167.75,2014.0,road
2676,淮北市,宿州市,71.14,2014.0,road
2677,抚州市,鹰潭市,55.17,2014.0,road
2678,安庆市,池州市,29.18,2014.0,road
2679,黄山市,宣城市,90.98,2014.0,road
2680,莆田市,福州市,64.34,2014.0,road
2681,保山市,临沧市,138.21,2014.0,road
2682,鄂尔多斯市,朔州市,103.19,2014.0,road
2683,上饶市,丽水市,62.78,2014.0,road
2684,白城市,齐齐哈尔市,358.11,2014.0,road
2685,广安市,达州市,60.16,2014.0,road
2686,辽源市,白山市,114.16,2014.0,road
2687,资阳市,内江市,133.35,2014.0,road
2688,遵义市,贵阳市,30.08,2014.0,road
2689,阳泉市,邢台市,90.77,2014.0,road
2690,昆明市,玉溪市,373.6,2015.0,road
2691,玉溪市,昆明市,68.94,2015.0,road
2692,贵阳市,遵义市,34.39,2015.0,road
2693,贵阳市,遵义市,41.28,2015.0,road
2694,泸州市,遵义市,98.97,2015.0,road
2695,郴州市,赣州市,464.46,2015.0,road
2696,安庆市,池州市,68.42,2015.0,road
2697,克拉玛依市,乌鲁木齐市,246.97,2015.0,road
2698,克拉玛依市,乌鲁木齐市,163.59,2015.0,road
2699,克拉玛依市,乌鲁木齐市,224.26,2015.0,road
2700,西宁市,张掖市,5939.49,2015.0,road
2701,西宁市,武威市,238.5,2015.0,road
2702,宜春市,新余市,60.04,2015.0,road
2703,九江市,南昌市,118.28,2015.0,road
2704,克拉玛依市,乌鲁木齐市,223.4,2015.0,road
2705,兰州市,定西市,121.21,2015.0,road
2706,成都市,眉山市,53.64,2015.0,road
2707,成都市,德阳市,36.12,2015.0,road
2708,成都市,眉山市,26.97,2015.0,road
2709,成都市,德阳市,16.01,2015.0,road
2710,昭通市,贵阳市,43.36,2015.0,road
2711,贵阳市,泸州市,177.02,2015.0,road
2712,百色市,贵阳市,65.29,2015.0,road
2713,陇南市,天水市,18103.97,2015.0,road
2714,泸州市,内江市,314.54,2015.0,road
2715,泸州市,内江市,64.54,2015.0,road
2716,广安市,遂宁市,23.19,2015.0,road
2717,泸州市,遵义市,48.48,2015.0,road
2718,中卫市,吴忠市,83.29,2015.0,road
2719,百色市,崇左市,138.48,2015.0,road
2720,贵阳市,遵义市,25.09,2015.0,road
2721,贵阳市,遵义市,23.53,2015.0,road
2722,贵阳市,遵义市,13.22,2015.0,road
2723,贵阳市,遵义市,9.94,2015.0,road
2724,贵阳市,遵义市,4.4,2015.0,road
2725,贵阳市,遵义市,7.88,2015.0,road
2726,贵阳市,遵义市,29.5,2015.0,road
2727,汉中市,广元市,31.74,2015.0,road
2728,贵阳市,河池市,15.44,2015.0,road
2729,南宁市,来宾市,74.42,2015.0,road
2730,遵义市,贵阳市,486.73,2015.0,road
2731,遵义市,泸州市,690.26,2015.0,road
2732,遵义市,怀化市,41.28,2015.0,road
2733,贵阳市,遵义市,68.74,2015.0,road
2734,广安市,重庆市,27.63,2015.0,road
2735,遵义市,贵阳市,1093.12,2015.0,road
2736,贵阳市,遵义市,54.56,2015.0,road
2737,南宁市,来宾市,101.38,2015.0,road
2738,南宁市,来宾市,34.01,2015.0,road
2739,重庆市,达州市,1330.02,2015.0,road
2740,重庆市,达州市,119.71,2015.0,road
2741,南宁市,钦州市,8.92,2015.0,road
2742,铜川市,咸阳市,19.68,2015.0,road
2743,南宁市,来宾市,18.29,2015.0,road
2744,南宁市,钦州市,57.31,2015.0,road
2745,铜川市,咸阳市,60.78,2015.0,road
2746,铜川市,咸阳市,282.68,2015.0,road
2747,怀化市,桂林市,1064.84,2015.0,road
2748,来宾市,贵港市,67.98,2015.0,road
2749,柳州市,来宾市,159.33,2015.0,road
2750,延安市,临汾市,222.66,2015.0,road
2751,贵港市,来宾市,118.06,2015.0,road
2752,贵港市,玉林市,83.18,2015.0,road
2753,安康市,十堰市,129.2,2015.0,road
2754,榆林市,吕梁市,1176.53,2015.0,road
2755,茂名市,玉林市,731.71,2015.0,road
2756,吕梁市,榆林市,176.84,2015.0,road
2757,吕梁市,太原市,16.86,2015.0,road
2758,吕梁市,太原市,117.55,2015.0,road
2759,永州市,贺州市,75.64,2015.0,road
2760,呼和浩特市,朔州市,36.34,2015.0,road
2761,临汾市,长治市,3253.13,2015.0,road
2762,宜昌市,荆州市,36.13,2015.0,road
2763,宜昌市,荆州市,78.05,2015.0,road
2764,呼和浩特市,乌兰察布市,29.76,2015.0,road
2765,十堰市,襄樊市,1471.0,2015.0,road
2766,襄樊市,南阳市,32.31,2015.0,road
2767,呼和浩特市,乌兰察布市,103.58,2015.0,road
2768,襄樊市,宜昌市,323.46,2015.0,road
2769,益阳市,长沙市,57.27,2015.0,road
2770,清远市,韶关市,83.23,2015.0,road
2771,郑州市,开封市,44.52,2015.0,road
2772,清远市,广州市,4192.69,2015.0,road
2773,郴州市,吉安市,64.03,2015.0,road
2774,东莞市,赣州市,315.28,2015.0,road
2775,开封市,许昌市,26.06,2015.0,road
2776,孝感市,黄冈市,77.86,2015.0,road
2777,石家庄市,衡水市,12.78,2015.0,road
2778,开封市,商丘市,87.82,2015.0,road
2779,石家庄市,衡水市,117.34,2015.0,road
2780,河源市,揭阳市,131.5,2015.0,road
2781,赣州市,梅州市,61.67,2015.0,road
2782,濮阳市,聊城市,173.1,2015.0,road
2783,濮阳市,菏泽市,88.61,2015.0,road
2784,黄冈市,黄石市,96.54,2015.0,road
2785,黄冈市,安庆市,48.57,2015.0,road
2786,南昌市,抚州市,248.27,2015.0,road
2787,南昌市,抚州市,9.62,2015.0,road
2788,梅州市,揭阳市,753.52,2015.0,road
2789,商丘市,淮北市,54.95,2015.0,road
2790,南昌市,抚州市,17.07,2015.0,road
2791,赣州市,龙岩市,53.31,2015.0,road
2792,宿州市,淮北市,310.87,2015.0,road
2793,德州市,济南市,293.91,2015.0,road
2794,承德市,唐山市,100.91,2015.0,road
2795,承德市,赤峰市,14.29,2015.0,road
2796,揭阳市,漳州市,179.51,2015.0,road
2797,揭阳市,汕头市,46.16,2015.0,road
2798,抚州市,南平市,102.91,2015.0,road
2799,蚌埠市,淮南市,36.31,2015.0,road
2800,宿迁市,蚌埠市,78.88,2015.0,road
2801,铜陵市,芜湖市,53.56,2015.0,road
2802,龙岩市,三明市,103.24,2015.0,road
2803,漳州市,厦门市,53.72,2015.0,road
2804,芜湖市,宣城市,36.55,2015.0,road
2805,漳州市,厦门市,36.0,2015.0,road
2806,黄山市,金华市,90.78,2015.0,road
2807,宣城市,芜湖市,35.5,2015.0,road
2808,泉州市,莆田市,58.29,2015.0,road
2809,葫芦岛市,锦州市,72.53,2015.0,road
2810,南平市,福州市,75.65,2015.0,road
2811,泉州市,莆田市,114.59,2015.0,road
2812,丽水市,金华市,53.43,2015.0,road
2813,南通市,泰州市,28.54,2015.0,road
2814,南通市,上海市,1335.45,2015.0,road
2815,铁岭市,抚顺市,48.32,2015.0,road
2816,本溪市,抚顺市,133.75,2015.0,road
2817,伊春市,鹤岗市,167.87,2015.0,road
2818,白山市,通化市,53.08,2015.0,road
2819,白山市,吉林市,8135.04,2015.0,road
2820,鹤岗市,双鸭山市,373.37,2015.0,road
2821,嘉峪关市,西宁市,300.74,2015.0,road
2822,西宁市,张掖市,192.46,2015.0,road
2823,张家界市,怀化市,1778.26,2015.0,road
2824,邵阳市,娄底市,94.95,2015.0,road
2825,娄底市,邵阳市,4050.83,2015.0,road
2826,宜春市,新余市,60.46,2015.0,road
2827,惠州市,揭阳市,139.75,2015.0,road
2828,新余市,南昌市,80.25,2015.0,road
2829,聊城市,德州市,94.73,2015.0,road
2830,吉安市,抚州市,1199.91,2015.0,road
2831,吉安市,抚州市,252.02,2015.0,road
2832,济宁市,枣庄市,92.98,2015.0,road
2833,沧州市,德州市,188.6,2015.0,road
2834,上饶市,衢州市,40.97,2015.0,road
2835,衢州市,金华市,79.12,2015.0,road
2836,宁德市,丽水市,2004.93,2015.0,road
2837,吉林市,牡丹江市,455.9,2015.0,road
2838,昭通市,贵阳市,695.8,2015.0,road
2839,朔州市,忻州市,166.98,2015.0,road
2840,宿迁市,宿州市,135.71,2015.0,road
2841,贵阳市,遵义市,91.23,2015.0,road
2842,遵义市,贵阳市,54.26,2015.0,road
2843,遵义市,张家界市,1173.01,2015.0,road
2844,遵义市,怀化市,103.38,2015.0,road
2845,十堰市,襄樊市,34.13,2015.0,road
2846,宣城市,杭州市,42.84,2015.0,road
2847,莆田市,福州市,45.81,2015.0,road
2848,遵义市,贵阳市,549.83,2015.0,road
2849,马鞍山市,南京市,38.13,2016.0,road
2850,金昌市,武威市,156.02,2016.0,road
2851,贵阳市,遵义市,3048.6,2016.0,road
2852,广安市,遵义市,1106.44,2016.0,road
2853,芜湖市,马鞍山市,47.15,2016.0,road
2854,马鞍山市,滁州市,88.98,2016.0,road
2855,嘉峪关市,西宁市,2321.74,2016.0,road
2856,成都市,德阳市,27.14,2016.0,road
2857,成都市,德阳市,14.43,2016.0,road
2858,资阳市,成都市,30.61,2016.0,road
2859,宜宾市,泸州市,694.56,2016.0,road
2860,遂宁市,广安市,69.73,2016.0,road
2861,陇南市,天水市,473.32,2016.0,road
2862,固原市,平凉市,45.58,2016.0,road
2863,广安市,南充市,30.68,2016.0,road
2864,汉中市,巴中市,48.65,2016.0,road
2865,贵阳市,遵义市,27.42,2016.0,road
2866,延安市,庆阳市,661.02,2016.0,road
2867,临汾市,运城市,105.86,2016.0,road
2868,十堰市,商洛市,157.88,2016.0,road
2869,梧州市,阳江市,316.63,2016.0,road
2870,乌兰察布市,大同市,18.51,2016.0,road
2871,乌兰察布市,大同市,23.14,2016.0,road
2872,乌兰察布市,大同市,56.22,2016.0,road
2873,忻州市,阳泉市,2335.56,2016.0,road
2874,阳泉市,长治市,467.46,2016.0,road
2875,阳泉市,石家庄市,41.13,2016.0,road
2876,韶关市,郴州市,57.47,2016.0,road
2877,张家口市,承德市,383.98,2016.0,road
2878,石家庄市,衡水市,27.43,2016.0,road
2879,惠州市,汕尾市,12.77,2016.0,road
2880,南昌市,抚州市,76.11,2016.0,road
2881,漳州市,厦门市,20.33,2016.0,road
2882,黄山市,宣城市,41.14,2016.0,road
2883,漳州市,厦门市,35.54,2016.0,road
2884,黄山市,宣城市,41.95,2016.0,road
2885,莆田市,福州市,74.3,2016.0,road
2886,四平市,长春市,144.96,2016.0,road
2887,辽源市,通化市,168.75,2016.0,road
2888,双鸭山市,鹤岗市,274.31,2016.0,road
2889,曲靖市,昭通市,391.36,2016.0,road
2890,襄樊市,荆门市,89.49,2016.0,road
2891,马鞍山市,芜湖市,26.41,2016.0,road
2892,梧州市,江门市,141.49,2016.0,road
2893,抚州市,南昌市,32.99,2016.0,road
2894,丽江市,保山市,123.88,2017.0,road
2895,遂宁市,南充市,84.93,2017.0,road
2896,广安市,南充市,110.18,2017.0,road
2897,贵阳市,遵义市,71.1,2017.0,road
2898,梅州市,赣州市,1115.11,2017.0,road
2899,乌鲁木齐市,克拉玛依市,220.28,2017.0,road
2900,西宁市,张掖市,132.16,2017.0,road
2901,巴中市,达州市,702.0,2017.0,road
2902,聊城市,德州市,22.11,2017.0,road
2903,聊城市,德州市,108.57,2017.0,road
2904,西宁市,陇南市,494.48,2017.0,road
2905,泸州市,遵义市,95.95,2017.0,road
2906,固原市,平凉市,37.85,2017.0,road
2907,渭南市,商洛市,105.32,2017.0,road
2908,宜昌市,荆州市,61.33,2017.0,road
2909,岳阳市,荆州市,223.81,2017.0,road
2910,保定市,廊坊市,50.91,2017.0,road
2911,宜春市,新余市,37.75,2017.0,road
2912,衡水市,德州市,1428.51,2017.0,road
2913,德州市,衡水市,52.26,2017.0,road
2914,新余市,抚州市,51.55,2017.0,road
2915,赣州市,梅州市,195.22,2017.0,road
2916,赣州市,吉安市,204.62,2017.0,road
2917,景德镇市,上饶市,65.26,2017.0,road
2918,三明市,南平市,39.56,2017.0,road
2919,泉州市,厦门市,15.48,2017.0,road
2920,宣城市,湖州市,361.59,2017.0,road
2921,白城市,通辽市,152.61,2017.0,road
2922,通化市,白山市,49.28,2017.0,road
2923,白山市,通化市,43.92,2017.0,road
2924,白山市,通化市,43.45,2017.0,road
2925,牡丹江市,吉林市,201.02,2017.0,road
2926,贵阳市,遵义市,53.91,2017.0,road
2927,宜春市,新余市,123.7,2017.0,road
2928,郑州市,许昌市,19.26,2018.0,road
2929,郑州市,许昌市,19.06,2018.0,road
2930,七台河市,鸡西市,48.84,2018.0,road
2931,岳阳市,咸宁市,111.47,2018.0,road
2932,河源市,梅州市,48.2,2018.0,road
